,매장이름,주소,구,브랜드,위도,경도
0,역삼아레나빌딩,서울특별시 강남구 언주로 425 (역삼동),강남구,스타벅스,37.5010689,127.0430285
1,논현역사거리,서울특별시 강남구 강남대로 538 (논현동),강남구,스타벅스,37.5135304,127.0315341
2,신사역성일빌딩,서울특별시 강남구 강남대로 584 (논현동),강남구,스타벅스,37.5135304,127.0315341
3,국기원사거리,서울특별시 강남구 테헤란로 125 (역삼동),강남구,스타벅스,37.499549,127.0316604
4,스탈릿대치R,서울특별시 강남구 남부순환로 2947 (대치동),강남구,스타벅스,37.4945186,127.0626332
5,봉은사역,서울특별시 강남구 봉은사로 619 (삼성동),강남구,스타벅스,37.5149998,127.0631169
6,압구정윤성빌딩,서울특별시 강남구 논현로 834 (신사동),강남구,스타벅스,37.524124,127.022883
7,코엑스별마당,서울특별시 강남구 영동대로 513 (삼성동),강남구,스타벅스,37.5101935,127.0585824
8,삼성역섬유센터R,서울특별시 강남구 테헤란로 518 (대치동),강남구,스타벅스,37.5075512,127.060561
9,압구정R,서울특별시 강남구 언주로 861 (신사동),강남구,스타벅스,37.5226879,127.0252724
10,수서역R,서울특별시 강남구 광평로 281 (수서동),강남구,스타벅스,37.4879723,127.1026505
11,양재강남빌딩R,서울특별시 강남구 남부순환로 2621 (도곡동),강남구,스타벅스,37.4852655,127.0367026
12,선릉동신빌딩R,서울특별시 강남구 테헤란로 409 (삼성동),강남구,스타벅스,37.5053116,127.0503634
13,봉은사로선정릉,서울특별시 강남구 봉은사로 446 (삼성동),강남구,스타벅스,37.5112773,127.048547
14,강남오거리,서울특별시 강남구 봉은사로2길 39 (역삼동),강남구,스타벅스,37.5020667,127.0266414
15,스타필드코엑스몰R,서울특별시 강남구 영동대로 513 (삼성동) 코엑스 A106호,강남구,스타벅스,37.5101935,127.0585824
16,강남구청정문,서울특별시 강남구 학동로 419 (청담동),강남구,스타벅스,37.5182675,127.0459628
17,도곡공원,서울특별시 강남구 도곡로 205 (역삼동),강남구,스타벅스,37.493073,127.0412545
18,강남R,서울특별시 강남구 강남대로 390 (역삼동),강남구,스타벅스,37.4977735,127.028536
19,대치은마사거리,서울특별시 강남구 도곡로 457 (대치동),강남구,스타벅스,37.4989728,127.060172
20,청담영동대로,서울특별시 강남구 영동대로 720 (청담동),강남구,스타벅스,37.5231998,127.0486655
21,압구정,서울특별시 강남구 압구정로30길 17 (신사동),강남구,스타벅스,37.5262829,127.0295602
22,신사가로수,서울특별시 강남구 가로수길 59 ,강남구,스타벅스,37.524609,127.022951
23,청담스타R,서울특별시 강남구 도산대로57길 24 (청담동),강남구,스타벅스,37.5252162,127.0418275
24,강남우성,서울특별시 강남구 강남대로 328 (역삼동),강남구,스타벅스,37.4999072,127.0373932
25,학동사거리,서울특별시 강남구 도산대로 328 (논현동),강남구,스타벅스,37.52236449999999,127.0379543
26,대치사거리,서울특별시 강남구 삼성로 402 (대치동),강남구,스타벅스,37.5033312,127.0588167
27,포스코사거리,서울특별시 강남구 테헤란로 505 (삼성동) 화진빌딩,강남구,스타벅스,37.5075307,127.0574271
28,을지병원사거리,"서울특별시 강남구 논현로 752 (논현동,구산빌딩)",강남구,스타벅스,37.5189305,127.0346042
29,신사역,서울특별시 강남구 도산대로 108 (논현동) 렉스타워,강남구,스타벅스,37.516159,127.020635
30,도곡역,서울특별시 강남구 남부순환로 2909 (대치동),강남구,스타벅스,37.4921442,127.0573977
31,서울세관사거리,서울특별시 강남구 언주로 650 (논현동) 한국건설기술인협회,강남구,스타벅스,37.5148904,127.0357573
32,청담사거리,서울특별시 강남구 도산대로 458 (청담동) 리츠타워,강남구,스타벅스,37.5236351,127.0468651
33,한티역,"서울특별시 강남구 도곡로 408, 디마크빌딩 101호 (대치동)",강남구,스타벅스,37.4966281,127.055214
34,역삼초교사거리,서울특별시 강남구 역삼로 123 (역삼동),강남구,스타벅스,37.4941005,127.0330019
35,코엑스몰,서울특별시 강남구 영동대로 513 (삼성동) O103호,강남구,스타벅스,37.5101935,127.0585824
36,가로수길,"서울특별시 강남구 논현로175길 94, 1~2층 (신사동)",강남구,스타벅스,37.5231593,127.021625
37,역삼대로,"서울특별시 강남구 테헤란로 211, 한국고등교육재단빌딩 1층 (역삼동)",강남구,스타벅스,37.5018296,127.0393238
38,역삼포스코,"서울특별시 강남구 테헤란로 134, P&S TOWER (역삼동)",강남구,스타벅스,37.4993385,127.0337927
39,강남대로,"서울특별시 강남구 강남대로 456, 한석타워 2층 1-2호 (역삼동)",강남구,스타벅스,37.5030912,127.0255689
40,청담,"서울특별시 강남구 도산대로 532, 인희빌딩 1층 (청담동)",강남구,스타벅스,37.5243631,127.0515599
41,삼성도심공항,서울특별시 강남구 테헤란로87길 33 (삼성동),강남구,스타벅스,37.5097863,127.0579134
42,삼성교,"서울특별시 강남구 영동대로86길 12, 동남유화빌딩 1층",강남구,스타벅스,37.5078813,127.0652928
43,학동역,서울특별시 강남구 논현로 704 (논현동),강남구,스타벅스,37.5145996,127.0307932
44,대치,서울특별시 강남구 도곡로 511 (대치동),강남구,스타벅스,37.499591,127.0622226
45,SSG마켓도곡R,"서울특별시 강남구 언주로30길 57, 타워팰리스Ⅱ F 지하1층 (도곡동)",강남구,스타벅스,37.4896405,127.0545117
46,삼성,"서울특별시 강남구 테헤란로 443, 애플트리타워 1층 (삼성동)",강남구,스타벅스,37.5069114,127.0555833
47,선릉세화빌딩,서울특별시 강남구 테헤란로64길 18 (대치동) 1층,강남구,스타벅스,37.5037306,127.0511864
48,압구정역,"서울특별시 강남구 압구정로 170, 관영빌딩 1층 지하1층 (신사동)",강남구,스타벅스,37.526735,127.0281047
49,압구정로,서울특별시 강남구 압구정로42길 32 (신사동),강남구,스타벅스,37.5268082,127.0347226
50,구역삼사거리,서울특별시 강남구 논현로 401 (역삼동),강남구,스타벅스,37.4958779,127.03891
51,큰길타워,"서울특별시 강남구 테헤란로 223, 큰길타워빌딩 (역삼동)",강남구,스타벅스,37.5022291,127.0405658
52,강남구청역,"서울특별시 강남구 선릉로 669, 웰빙센터 1층 (논현동)",강남구,스타벅스,37.5135304,127.0315341
53,대치역,서울특별시 강남구 남부순환로 2936 (대치동) 107호,강남구,스타벅스,37.4935547,127.0619593
54,포이,서울특별시 강남구 논현로 88 (개포동),강남구,스타벅스,37.4777792,127.0451187
55,아크플레이스,서울특별시 강남구 테헤란로 142 (역삼동),강남구,스타벅스,37.4996847,127.0349215
56,학여울역,서울특별시 강남구 영동대로 215 (대치동),강남구,스타벅스,37.4979557,127.0685027
57,선정릉역,서울특별시 강남구 봉은사로 407 (삼성동) 에프오빌딩,강남구,스타벅스,37.5108656,127.0449904
58,삼성현대힐,서울특별시 강남구 삼성로 605 (삼성동),강남구,스타벅스,37.5134507,127.0527081
59,GS타워,서울특별시 강남구 논현로 508 (역삼동),강남구,스타벅스,37.5018187,127.0370947
60,압구정미소,서울특별시 강남구 논현로 841 (신사동),강남구,스타벅스,37.5241764,127.0279929
61,선릉역,"서울특별시 강남구 테헤란로 334, LG화재 빌딩 (역삼동)",강남구,스타벅스,37.5039056,127.048515
62,코엑스사거리,서울특별시 강남구 영동대로 616 (삼성동),강남구,스타벅스,37.5153516,127.0601103
63,역삼럭키,서울특별시 강남구 도곡로 183 (역삼동),강남구,스타벅스,37.4921956,127.039393
64,차병원사거리,"서울특별시 강남구 봉은사로 213, 센트럴타워 (논현동)",강남구,스타벅스,37.507918,127.035191
65,청담공원,서울특별시 강남구 학동로 506 (삼성동),강남구,스타벅스,37.5186549,127.0514387
66,신압구정,서울특별시 강남구 언주로174길 29 (신사동),강남구,스타벅스,37.5280809,127.0364236
67,아크로힐스논현,"서울특별시 강남구 봉은사로 304, 금강빌딩 1-2층 (역삼동)",강남구,스타벅스,37.5089596,127.0404373
68,뱅뱅사거리,서울특별시 강남구 강남대로 282 (도곡동),강남구,스타벅스,37.4895152,127.0491216
69,강남비젼타워,"서울특별시 강남구 테헤란로2길 27, 1층 101호 (역삼동)",강남구,스타벅스,37.4964557,127.0296885
70,역삼역,"서울특별시 강남구 테헤란로 145, 우신빌딩 1층 (역삼동)",강남구,스타벅스,37.5006843,127.0352306
71,압구정로데오역,"서울특별시 강남구 선릉로 836, 삼원빌딩 1,2층 (청담동)",강남구,스타벅스,37.49654450000001,127.0420764
72,르네상스사거리,서울특별시 강남구 테헤란로 306 (역삼동),강남구,스타벅스,37.5025597,127.044093
73,포스코,"서울특별시 강남구 삼성로86길 7, 1층 (대치동)",강남구,스타벅스,37.5057344,127.0579281
74,선릉로,"서울특별시 강남구 선릉로93길 22, 대흥빌딩 1층 (역삼동)",강남구,스타벅스,37.5049219,127.0467242
75,논현힐탑,서울특별시 강남구 논현로 648 (논현동),강남구,스타벅스,37.5114981,127.0321654
76,도산가로수길,"서울특별시 강남구 도산대로 134, 2층 (논현동)",강남구,스타벅스,37.5172519,127.0233424
77,대치한티,서울특별시 강남구 선릉로 324 (대치동),강남구,스타벅스,37.498509,127.0520953
78,수서역사거리,서울특별시 강남구 광평로 280 (수서동),강남구,스타벅스,37.4872829,127.1031088
79,코엑스아셈타워,서울특별시 강남구 영동대로 517 (삼성동),강남구,스타벅스,37.5101935,127.0585824
80,센터필드R,서울특별시 강남구 테헤란로 231 (역삼동),강남구,스타벅스,37.5030426,127.041588
81,도산사거리,서울특별시 강남구 언주로 727 (논현동),강남구,스타벅스,37.5135304,127.0315341
82,강남세곡,서울특별시 강남구 헌릉로569길 18 (세곡동),강남구,스타벅스,37.466266,127.1167873
83,대치삼성프라자,서울특별시 강남구 영동대로 237 (대치동),강남구,스타벅스,37.5003097,127.0669613
84,테헤란로아남타워,서울특별시 강남구 테헤란로 311 (역삼동),강남구,스타벅스,37.5037497,127.0448356
85,삼성동,서울특별시 강남구 영동대로96길 12 (삼성동),강남구,스타벅스,37.5107008,127.0635676
86,역삼이마트,서울특별시 강남구 역삼로 310 (역삼동),강남구,스타벅스,37.4992239,127.048424
87,미아뉴타운,서울특별시 강북구 삼양로 161 (미아동),강북구,스타벅스,37.6183622,127.0210925
88,강북구청사거리,서울특별시 강북구 도봉로 365 (수유동),강북구,스타벅스,37.6400187,127.0273281
89,미아사거리역,서울특별시 강북구 도봉로 32 (미아동),강북구,스타벅스,37.6268335,127.0269077
90,수유역,서울특별시 강북구 도봉로 342 (번동),강북구,스타벅스,37.6380167,127.026135
91,미아역,서울특별시 강북구 도봉로 196 (미아동),강북구,스타벅스,37.6276849,127.0260705
92,파라스파라서울,서울특별시 강북구 삼양로 689 (우이동)[*미고시],강북구,스타벅스,37.663461,127.012208
93,발산역사거리,서울특별시 강서구 공항대로 248 (마곡동),강서구,스타벅스,37.5707835,126.82871
94,마곡역,서울특별시 강서구 공항대로 168 (마곡동),강서구,스타벅스,37.57288090000001,126.8285073
95,우장산역,서울특별시 강서구 강서로 267 (내발산동),강서구,스타벅스,37.5495626,126.8359438
96,마곡사이언스타워R,서울특별시 강서구 마곡동로 62 (마곡동),강서구,스타벅스,37.5764888,126.8307466
97,방화DT,서울특별시 강서구 방화대로 375 (방화동),강서구,스타벅스,37.5743389,126.8164145
98,마곡나루역,서울특별시 강서구 마곡중앙로 161-17 (마곡동),강서구,스타벅스,37.5683444,126.8271884
99,마곡GMG,"서울특별시 강서구 마곡중앙6로 16 (마곡동) 117,118,119,120호",강서구,스타벅스,37.5712911,126.8369374
100,가양역,서울특별시 강서구 양천로 476 (등촌동),강서구,스타벅스,37.551791,126.8583459
101,화곡DT,서울특별시 강서구 등촌로 57 (화곡동),강서구,스타벅스,37.5350355,126.8631182
102,양천향교역,서울특별시 강서구 강서로 463 (마곡동),강서구,스타벅스,37.5764888,126.8307466
103,화곡동,서울특별시 강서구 화곡로 142(화곡동),강서구,스타벅스,37.5405337,126.8375885
104,등촌,서울특별시 강서구 공항대로 329 (등촌동),강서구,스타벅스,37.5582279,126.8442884
105,염창역,서울특별시 강서구 공항대로 627 (염창동),강서구,스타벅스,37.5472298,126.8744802
106,발산역,서울특별시 강서구 강서로 388 (등촌동) 그랜드마트,강서구,스타벅스,37.5364346,126.8478715
107,가양이마트,서울특별시 강서구 양천로 559 (가양동) 1층,강서구,스타벅스,37.5617661,126.8249994
108,까치산역,서울특별시 강서구 강서로13길 3 (화곡동),강서구,스타벅스,37.5317587,126.846385
109,등촌대로,"서울특별시 강서구 공항대로 543 (염창동, 센터스퀘어), 104-2/105/106호",강서구,스타벅스,37.5540319,126.8717993
110,가양역사거리,"서울특별시 강서구 화곡로 416 (등촌동) 가양더스카이벨리5차 지식산업센터 101, 102, 114,~117호",강서구,스타벅스,37.559882,126.8553509
111,강서NC,서울특별시 강서구 강서로56길 17 (등촌동),강서구,스타벅스,37.55990389999999,126.8405122
112,마곡나루공원,서울특별시 강서구 마곡중앙5로 47 (마곡동),강서구,스타벅스,37.55319679999999,126.8298352
113,강서구청사거리,"서울특별시 강서구 화곡로 350 (화곡동), 104/105/106/107호",강서구,스타벅스,37.5547254,126.8520968
114,낙성대역,서울특별시 관악구 남부순환로 1908 (봉천동),관악구,스타벅스,37.4776649,126.9611926
115,관악서울대입구R,서울특별시 관악구 관악로 158 (봉천동),관악구,스타벅스,37.4792703,126.9527981
116,신림DT,서울특별시 관악구 남부순환로 1419 (신림동),관악구,스타벅스,37.4860743,126.9308822
117,서울대역,서울특별시 관악구 남부순환로 1817 (봉천동),관악구,스타벅스,37.4815987,126.9522003
118,낙성대DT,서울특별시 관악구 남부순환로 1948 (봉천동),관악구,스타벅스,37.4761693,126.9650053
119,사당,서울특별시 관악구 남부순환로 2082-25,관악구,스타벅스,37.47600910000001,126.9809985
120,보라매대교,서울특별시 관악구 보라매로3길 23 (봉천동) 1층,관악구,스타벅스,37.4909895,126.9255211
121,신림사거리,서울특별시 관악구 남부순환로 1619 (신림동),관악구,스타벅스,37.4846038,126.9304905
122,신림,서울특별시 관악구 신림로 355-1 (신림동),관악구,스타벅스,37.48605870000001,126.9291581
123,신림역포도몰,"서울특별시 관악구 신림로 330, PODO MALL 1층 101 일부 (신림동)",관악구,스타벅스,37.4838735,126.9302332
124,서울대입구역,서울특별시 관악구 남부순환로 1812 (봉천동),관악구,스타벅스,37.4811125,126.9513217
125,건국대,서울특별시 광진구 능동로 117 (화양동),광진구,스타벅스,37.5477745,127.0706455
126,어린이대공원역,서울특별시 광진구 능동로243 ,광진구,스타벅스,37.5518888,127.0764093
127,아차산역,서울특별시 광진구 천호대로 676 ,광진구,스타벅스,37.5506271,127.0899534
128,올림픽대교북단,서울특별시 광진구 광나루로 608 (구의동),광진구,스타벅스,37.5411292,127.0952402
129,구의DT,서울특별시 광진구 광나루로 519 (구의동),광진구,스타벅스,37.545357,127.0871714
130,자양사거리,서울특별시 광진구 아차산로 355,광진구,스타벅스,37.5373702,127.0826398
131,군자역,서울특별시 광진구 천호대로 548 (군자동) 중앙빌딩,광진구,스타벅스,37.5568156,127.07896
132,광나루,"서울특별시 광진구 아차산로 607, 1,2층 (광장동)",광진구,스타벅스,37.5566878,127.1121244
133,건대스타시티,서울특별시 광진구 아차산로 262 (자양동),광진구,스타벅스,37.5377622,127.0726
134,자양,서울특별시 광진구 능동로 50 (자양동),광진구,스타벅스,37.5354769,127.0691462
135,강변역,서울특별시 광진구 구의강변로 64 (구의동) 구의아크로리버,광진구,스타벅스,37.5360961,127.0927925
136,건대입구,서울특별시 광진구 능동로 107 (화양동),광진구,스타벅스,37.5460727,127.0722917
137,구의역,서울특별시 광진구 아차산로 373 (구의동),광진구,스타벅스,37.5466951,127.0914159
138,광장,서울특별시 광진구 아차산로 537-17 (광장동),광진구,스타벅스,37.5552818,127.1127862
139,건국클래식,서울특별시 광진구 능동로 90 (자양동) 더 클래식500,광진구,스타벅스,37.5382118,127.0709107
140,자양이마트,서울시 광진구 아차산로 272 스타시티 지하1층 일부,광진구,스타벅스,37.5385534,127.0738124
141,중곡,서울특별시 광진구 천호대로 549 (중곡동) 1층,광진구,스타벅스,37.5575666,127.079334
142,금천구청역,"서울특별시 금천구 시흥대로73길 67 엠타워 112,113,114,115호",금천구,스타벅스,37.4568736,126.8978
143,가산에스케이,서울특별시 금천구 가산디지털1로 171 (가산동),금천구,스타벅스,37.4806318,126.8805702
144,독산사거리,서울특별시 금천구 시흥대로 426 (독산동),금천구,스타벅스,37.4715113,126.8987752
145,금천시흥,서울특별시 금천구 시흥대로 164 (시흥동),금천구,스타벅스,37.4488601,126.903246
146,가산디지털단지역,서울특별시 금천구 벚꽃로 298 (가산동),금천구,스타벅스,37.4813244,126.8837789
147,금천독산,서울특별시 금천구 두산로 70 (독산동),금천구,스타벅스,37.4704162,126.8920672
148,가산디지털,서울특별시 금천구 가산디지털1로 168 (가산동),금천구,스타벅스,37.4798346,126.8824997
149,W-Mall,서울특별시 금천구 디지털로 188 (가산동),금천구,스타벅스,37.4773244,126.8877548
150,마리오아울렛,서울특별시 금천구 벚꽃로 266 마리오아울렛3관,금천구,스타벅스,37.4785992,126.8851547
151,가산브이타워,서울특별시 금천구 가산디지털1로 128 (가산동),금천구,스타벅스,37.4771592,126.8837142
152,가산그레이트,"서울특별시 금천구 디지털로9길 32, 갑을그레이트밸리 1층 (가산동)",금천구,스타벅스,37.4794444,126.8875
153,월계역,"서울특별시 노원구 초안산로2라길26 월계동(104,105,106호)",노원구,스타벅스,37.63115310000001,127.0577021
154,월계트레이더스,서울특별시 노원구 마들로3길 15 ,노원구,스타벅스,37.62644,127.0619091
155,상계초교사거리,서울특별시 노원구 노원로 449 ,노원구,스타벅스,37.6460967,127.0712379
156,공릉DT,서울특별시 노원구 동일로 1015 (공릉동),노원구,스타벅스,37.6206884,127.0743116
157,노원마들역,"서울특별시 노원구 노원로 569 (상계동, 임광아파트)",노원구,스타벅스,37.6607486,127.05714
158,공릉역,서울특별시 노원구 동일로 1081 (공릉동),노원구,스타벅스,37.62772349999999,127.075125
159,은행사거리,"서울특별시 노원구 중계로 217, 중흥빌딩 103,203호 (중계동)",노원구,스타벅스,37.6504634,127.0759752
160,노원KT,"서울특별시 노원구 노해로 502, (주)KT 노원사옥 (상계동)",노원구,스타벅스,37.65452560000001,127.0636531
161,광운대,서울특별시 노원구 석계로 104 (월계동),노원구,스타벅스,37.6231479,127.0607009
162,중계역,"서울특별시 노원구 동일로 1339, 대한빌딩 (상계동)",노원구,스타벅스,37.6503872,127.0613201
163,노원역,서울특별시 노원구 동일로 1413 (상계동) 1층,노원구,스타벅스,37.6547298,127.0600029
164,월계이마트,서울특별시 노원구 마들로3길 15 (월계동),노원구,스타벅스,37.62644,127.0619091
165,태릉입구역DT,서울특별시 노원구 화랑로 469 (공릉동),노원구,스타벅스,37.619211,127.0792994
166,창동이마트,서울특별시 도봉구 노해로65길 4 (창동),도봉구,스타벅스,37.6516821,127.046933
167,쌍문역,서울특별시 도봉구 도봉로 480 (창동),도봉구,스타벅스,37.6483224,127.0348734
168,쌍문도봉로,서울특별시 도봉구 도봉로 444 (창동),도봉구,스타벅스,37.6453516,127.0331011
169,노량진동,"서울특별시 동작구 노량진로 190 (노량진동, 고려교육타워-어바니엘한강) 101호~105호",동작구,스타벅스,37.5130951,126.9469753
170,남성역,서울특별시 동작구 사당로 219 (사당동),동작구,스타벅스,37.4841211,126.9726489
171,상도역,서울특별시 동작구 상도로37길 1 (상도1동),동작구,스타벅스,37.5031939,126.9484286
172,보라매공원R,"서울특별시 동작구 보라매로5길 35 (신대방동, 파크스퀘어,보라매현대APT)",동작구,스타벅스,37.4920429,126.9234214
173,이수자이,서울특별시 동작구 사당로 300 (사당동 이수자이),동작구,스타벅스,37.4839828,126.9804085
174,노량진역,서울특별시 동작구 노량진로 134 (노량진동),동작구,스타벅스,37.5129475,126.9416654
175,신대방삼거리역,서울특별시 동작구 상도로 102 (상도동),동작구,스타벅스,37.4999142,126.9317661
176,중앙대,서울특별시 동작구 흑석로 75-1 (흑석동),동작구,스타벅스,37.5069327,126.9581247
177,숭실대입구역,서울특별시 동작구 상도로 354 (상도동),동작구,스타벅스,37.4968346,126.9527123
178,숭실대,서울특별시 동작구 사당로 4 (상도동),동작구,스타벅스,37.4953631,126.9548386
179,사당역,"서울특별시 동작구 동작대로 21, 양지빌딩 1-3층 (사당동)",동작구,스타벅스,37.47840679999999,126.9813606
180,서강대프라자,서울특별시 마포구 백범로 35 (신수동),마포구,스타벅스,37.5482918,126.9396564
181,상암YTN,서울특별시 마포구 상암산로 76 (상암동),마포구,스타벅스,37.5791989,126.892349
182,마포용강동,서울특별시 마포구 토정로 295 (용강동),마포구,스타벅스,37.5411219,126.9420858
183,홍대입구역사거리R,서울특별시 마포구 양화로 125 (서교동),마포구,스타벅스,37.5546884,126.9202895
184,마포경찰서후문,서울특별시 마포구 마포대로 173-14 (아현동),마포구,스타벅스,37.5539707,126.950408
185,공덕,서울특별시 마포구 마포대로 130 (공덕동),마포구,스타벅스,37.5500158,126.9534217
186,합정폴리스R,"서울특별시 마포구 양화로 45 (서교동, 메세나폴리스)",마포구,스타벅스,37.5499443,126.9137027
187,홍대공항철도역,서울특별시 마포구 양화로 178 (동교동),마포구,스타벅스,37.557008,126.9290252
188,마포염리,서울특별시 마포구 독막로 311 (염리동),마포구,스타벅스,37.5438755,126.9476798
189,서강광흥창역,서울특별시 마포구 서강로 69 (창전동),마포구,스타벅스,37.5493766,126.9316559
190,합정,"서울특별시 마포구 월드컵로1길 14 (합정동) 마포한강푸르지오 110, 111, 112-2",마포구,스타벅스,37.54991930000001,126.9122262
191,서강대흥역,서울특별시 마포구 백범로 89-5 (대흥동),마포구,스타벅스,37.54816,126.94158
192,서교동사거리,서울특별시 마포구 양화로 105 (서교동),마포구,스타벅스,37.5533761,126.9185644
193,상암사보이시티,서울특별시 마포구 월드컵북로54길 17 (상암동),마포구,스타벅스,37.5815358,126.8887183
194,신촌오거리,서울특별시 마포구 신촌로16길 10 (노고산동),마포구,스타벅스,37.555138,126.9346633
195,상암디지털큐브,서울특별시 마포구 상암산로 34,마포구,스타벅스,37.576088,126.889136
196,상수역,서울특별시 마포구 독막로 88 (상수동),마포구,스타벅스,37.54898560000001,126.9240226
197,공덕오거리,서울특별시 마포구 마포대로 86 (도화동) 창강빌딩,마포구,스타벅스,37.5426483,126.9505562
198,서교,서울특별시 마포구 양화로 78 (서교동) 서교빌딩 1층,마포구,스타벅스,37.5512986,126.9169248
199,서강대,서울특별시 마포구 백범로 23 (신수동),마포구,스타벅스,37.5494638,126.9400348
200,상암MBC,서울특별시 마포구 성암로 267 (상암동),마포구,스타벅스,37.5740931,126.9035854
201,홍대역,"서울특별시 마포구 양화로 165, 상진빌딩 1층 (동교동)",마포구,스타벅스,37.5571739,126.923614
202,동교,"서울특별시 마포구 월드컵북로 22, 영준빌딩 1층 (동교동)",마포구,스타벅스,37.5568127,126.9199477
203,애오개역,"서울특별시 마포구 마포대로 201, 마포트라팰리스II (아현동)",마포구,스타벅스,37.5522028,126.9554999
204,상암DMC,"서울특별시 마포구 월드컵북로 375, DMC이안오피스텔1단지 102호,202호 (상암동)",마포구,스타벅스,37.577789,126.890603
205,마포일진빌딩,"서울특별시 마포구 마포대로 45, 일진빌딩 1층 (도화동)",마포구,스타벅스,37.54043,126.94632
206,마포아크로,서울특별시 마포구 마포대로 68 (도화동) 마포아크로타워,마포구,스타벅스,37.5413152,126.9489731
207,홍대삼거리,서울특별시 마포구 와우산로 64 (상수동),마포구,스타벅스,37.5487686,126.9250204
208,망원역,서울특별시 마포구 월드컵로 74 (서교동),마포구,스타벅스,37.5557302,126.9106996
209,마포이마트,서울특별시 마포구 백범로 212 (신공덕동) 마포이마트,마포구,스타벅스,37.542371,126.953362
210,합정메세나몰,"서울특별시 마포구 양화로 45 (서교동, 메세나폴리스)",마포구,스타벅스,37.5499443,126.9137027
211,홍대역8번출구,서울특별시 마포구 양화로 166 (동교동),마포구,스타벅스,37.5567531,126.9246749
212,가재울뉴타운,서울특별시 서대문구 가재울미래로 2 ,서대문구,스타벅스,37.5746408,126.9232419
213,남가좌사거리,"서울특별시 서대문구 거북골로 84 (남가좌동, DMC에코자이104동)",서대문구,스타벅스,37.577193,126.9192653
214,신촌역,서울특별시 서대문구 신촌로 73 (창천동),서대문구,스타벅스,37.5584944,126.9345627
215,연희동,서울특별시 서대문구 연희로 97 (연희동),서대문구,스타벅스,37.5667633,126.9305031
216,아현역,"서울특별시 서대문구 신촌로35길 10 (북아현동, E편한세상신촌 4단지)",서대문구,스타벅스,37.5584231,126.9546193
217,홍제역,서울특별시 서대문구 통일로 451 (홍제동),서대문구,스타벅스,37.5928458,126.9516355
218,연세백양로,서울특별시 서대문구 연세로 50 (신촌동) 연세대학교,서대문구,스타벅스,37.565784,126.938572
219,연희DT,서울특별시 서대문구 연희로 144 (연희동),서대문구,스타벅스,37.5701185,126.9338591
220,경기대,서울특별시 서대문구 충정로 53 (충정로2가),서대문구,스타벅스,37.5658142,126.9638013
221,신촌,서울특별시 서대문구 연세로 10-1 (창천동),서대문구,스타벅스,37.5564503,126.9371086
222,이대R,서울특별시 서대문구 이화여대길 34 (대현동),서대문구,스타벅스,37.5583821,126.9459524
223,연세종합관,"서울특별시 서대문구 연세로 50, 연세세브란스 종합관 (신촌동)",서대문구,스타벅스,37.5623371,126.9408692
224,이대ECC,서울특별시 서대문구 이화여대길 52 (대현동) 이화여자대학교 B415호,서대문구,스타벅스,37.5618588,126.9468339
225,연대,서울특별시 서대문구 연세로 35 (창천동),서대문구,스타벅스,37.5586875,126.9366988
226,신촌아트레온,서울특별시 서대문구 신촌로 129 (창천동),서대문구,스타벅스,37.5601918,126.9308653
227,충정로역,서울특별시 서대문구 충정로 23,서대문구,스타벅스,37.56113930000001,126.9629482
228,연대동문,서울특별시 서대문구 성산로 565 (대신동),서대문구,스타벅스,37.5677894,126.9488821
229,신촌명물거리,"서울특별시 서대문구 명물길 24, 1-5층 (창천동)",서대문구,스타벅스,37.5577614,126.9381244
230,충정타워,"서울특별시 서대문구 서소문로 21, 충정타워빌딩 1층 (충정로3가)",서대문구,스타벅스,37.5598507,126.964065
231,현대신촌,서울특별시 서대문구 신촌로 83 (창천동),서대문구,스타벅스,37.5594444,126.9363032
232,방배로,서울특별시 서초구 방배로 52 (방배동),서초구,스타벅스,37.4794494,126.9993484
233,강남교보타워R,서울특별시 서초구 강남대로 465 (서초동),서초구,스타벅스,37.5037208,127.0240967
234,방배다이치빌딩,서울특별시 서초구 방배로 114 (방배동),서초구,스타벅스,37.4843008,126.9960781
235,센트럴F1,서울특별시 서초구 신반포로 176 (반포동),서초구,스타벅스,37.5041299,127.0030692
236,서초역이화빌딩,서울특별시 서초구 반포대로21길 3 (서초동),서초구,스타벅스,37.4882539,127.0090099
237,서초구청,서울특별시 서초구 남부순환로 2557 (서초동),서초구,스타벅스,37.4844008,127.0300468
238,서초우성사거리,서울특별시 서초구 강남대로 343 (서초동),서초구,스타벅스,37.4934821,127.0292328
239,이수역사거리,"서울특별시 서초구 서초대로 3-4 (방배동, 방배디오슈페리움1)",서초구,스타벅스,37.4858503,126.9830269
240,강남대로신사,서울특별시 서초구 강남대로 595 (잠원동),서초구,스타벅스,37.5148037,127.0195562
241,서울고속터미널,서울특별시 서초구 신반포로 194 (반포동),서초구,스타벅스,37.5054942,127.006719
242,강남대로논현R,서울특별시 서초구 강남대로85길 5 (반포동),서초구,스타벅스,37.5073277,127.0225816
243,방배,서울특별시 서초구 방배로 211,서초구,스타벅스,37.491914,126.9904974
244,방배카페거리,서울특별시 서초구 방배중앙로 162 (방배동),서초구,스타벅스,37.4934767,126.9865297
245,서초법원,서울특별시 서초구 서초대로 274 (서초동),서초구,스타벅스,37.4927671,127.0117898
246,청계산입구역,서울특별시 서초구 청계산로 203 (신원동),서초구,스타벅스,37.4473672,127.0553225
247,사당로데오,서울특별시 서초구 방배천로 5-4(방배동),서초구,스타벅스,37.4772752,126.9821605
248,파미에파크R,서울특별시 서초구 사평대로 205 (반포동) CENTRALCITY,서초구,스타벅스,37.5049943,127.0091874
249,교대역,서울특별시 서초구 서초중앙로 138 (서초동) 우림빌딩,서초구,스타벅스,37.4856009,127.0164403
250,양재역,서울특별시 서초구 강남대로 202 (양재동) 모산빌딩,서초구,스타벅스,37.4823239,127.0368273
251,논현역,서울특별시 서초구 강남대로 557 (잠원동) 1~2층,서초구,스타벅스,37.5115145,127.0205781
252,이수역,서울특별시 서초구 동작대로 112 (방배동),서초구,스타벅스,37.4864664,126.9827403
253,내방역,서울특별시 서초구 방배로 184 (방배동) 대풍빌딩,서초구,스타벅스,37.4938216,126.9845543
254,서초파라곤,서울특별시 서초구 서초대로74길 29 (서초동) 서초파라곤,서초구,스타벅스,37.4949048,127.027432
255,서울아트센터,서울특별시 서초구 남부순환로 2395 (서초동) 호경빌딩,서초구,스타벅스,37.4806256,127.0123511
256,서초중앙로,서울특별시 서초구 서초중앙로 225,서초구,스타벅스,37.5016276,127.011526
257,센트럴시티,서울특별시 서초구 신반포로 176 (반포동),서초구,스타벅스,37.5041299,127.0030692
258,강남삼성타운,서울특별시 서초구 서초대로78길 24 (서초동),서초구,스타벅스,37.4955152,127.027742
259,방배역,서울특별시 서초구 방배로 84 (방배동),서초구,스타벅스,37.48193,126.9976464
260,반포역,서울특별시 서초구 신반포로 257 (잠원동) 신반포11차상가,서초구,스타벅스,37.5094191,127.0130498
261,남부터미널,"서울특별시 서초구 서초중앙로 26, 래미안서초유니빌 1층 101호 (서초동)",서초구,스타벅스,37.4846566,127.016968
262,뉴코아강남,서울특별시 서초구 잠원로 69 (잠원동) 킴스클럽,서초구,스타벅스,37.51023310000001,127.0069788
263,강남2,"서울특별시 서초구 서초대로77길 27, 유빌딩 1,2층 (서초동)",서초구,스타벅스,37.5000875,127.0254909
264,교대,서울특별시 서초구 서초중앙로 118 (서초동),서초구,스타벅스,37.4923513,127.0142164
265,하이브랜드,"서울특별시 서초구 매헌로 16, 리빙관 101호 (양재동)",서초구,스타벅스,37.4631657,127.0365398
266,신논현역,서울특별시 서초구 강남대로 483 (반포동) 청호빌딩,서초구,스타벅스,37.4787133,127.0390216
267,영동2교,"서울특별시 서초구 논현로 139, 대흥빌딩 (양재동)",서초구,스타벅스,37.481962,127.0425724
268,남부터미널2,서울특별시 서초구 효령로 274 (서초동),서초구,스타벅스,37.4843561,127.0142016
269,서래마을입구,서울특별시 서초구 서래로 48 (반포동),서초구,스타벅스,37.49922970000001,126.9985484
270,몬테소리,서울특별시 서초구 강남대로 399 (서초동),서초구,스타벅스,37.4982126,127.0268238
271,서초역,서울특별시 서초구 반포대로 118 (서초동),서초구,스타벅스,37.4906229,127.0085975
272,예술의전당,"서울특별시 서초구 남부순환로323길 1, 1층 (서초동)",서초구,스타벅스,37.4810928,127.0134801
273,교대법원,서울특별시 서초구 서초중앙로 164 (서초동),서초구,스타벅스,37.4963206,127.0133771
274,강남GT타워,"서울특별시 서초구 서초대로 411, GT타워 (서초동)",서초구,스타벅스,37.4978774,127.0260779
275,서초동,"서울특별시 서초구 남부순환로339길 64, 현우빌딩 1층 (서초동)",서초구,스타벅스,37.4858915,127.0215742
276,서울교대,"서울특별시 서초구 서초중앙로 64, 1층 (서초동)",서초구,스타벅스,37.4873998,127.0151589
277,강남에비뉴,"서울특별시 서초구 서초대로77길 62, 강남역아이파크 B102~B105 (서초동)",서초구,스타벅스,37.5027113,127.0238406
278,서이초교사거리,서울특별시 서초구 사임당로 143 (서초동),서초구,스타벅스,37.4918146,127.0252252
279,서울웨이브아트센터,서울특별시 서초구 잠원로 145-35 (잠원동),서초구,스타벅스,37.5160915,127.0088681
280,길음역,서울특별시 성북구 정릉로 376 (돈암동),성북구,스타벅스,37.6020035,127.0252417
281,미아이마트,서울특별시 성북구 도봉로 17 ,성북구,스타벅스,37.6108648,127.0296051
282,종암DT,서울특별시 성북구 종암로 17 (종암동),성북구,스타벅스,37.5919525,127.0360401
283,미아,서울특별시 성북구 동소문로 314 (하월곡동),성북구,스타벅스,37.6041779,127.0409997
284,성신여대정문,서울특별시 성북구 보문로34길 62 (동선동2가),성북구,스타벅스,37.5908044,127.0188447
285,종암,서울특별시 성북구 종암로 122 (종암동),성북구,스타벅스,37.6011247,127.0338991
286,삼선교,서울특별시 성북구 동소문로 10 (동소문동2가),성북구,스타벅스,37.5886161,127.0071452
287,월곡역,"서울특별시 성북구 화랑로 76, 101-1호 (하월곡동)",성북구,스타벅스,37.6052153,127.0400684
288,고대,서울특별시 성북구 고려대로24길 51 (안암동5가),성북구,스타벅스,37.5866147,127.0303083
289,현대미아,서울특별시 성북구 동소문로 315 (길음동) 지하1층,성북구,스타벅스,37.6083313,127.0287845
290,성신여대,서울특별시 성북구 동소문로24길 12 (동선동1가),성북구,스타벅스,37.592602,127.0188051
291,안암역,서울특별시 성북구 고려대로 102-2 (안암동5가),성북구,스타벅스,37.5890249,127.0247254
292,한성대입구역,서울특별시 성북구 성북로 11 (성북동1가),성북구,스타벅스,37.58843410000001,127.0041459
293,장위뉴타운,서울특별시 성북구 장월로38길 4 (장위동),성북구,스타벅스,37.6086779,127.0487116
294,송파나루역DT,서울특별시 송파구 오금로 142 (송파동),송파구,스타벅스,37.5081086,127.1151285
295,송파헬리오시티,"서울특별시 송파구 송파대로 345 (가락동, 헬리오시티)",송파구,스타벅스,37.4959329,127.1052553
296,잠실시그마타워,서울특별시 송파구 올림픽로 289 (신천동),송파구,스타벅스,37.5145667,127.1024928
297,문정법원로R,서울특별시 송파구 송파대로 201 (문정동),송파구,스타벅스,37.4873579,127.1196635
298,송파개롱역,서울특별시 송파구 오금로 420 (가락동),송파구,스타벅스,37.4972146,127.1342625
299,문정하비오,"서울특별시 송파구 송파대로 111 (문정동, 파크하비오) 204동 104호~107호",송파구,스타벅스,37.482085,127.123578
300,문정역,"서울특별시 송파구 송파대로 167 (문정동)테라타워 B동 137호~139호,204호",송파구,스타벅스,37.4848376,127.1254914
301,잠실대교남단R,서울특별시 송파구 송파대로 570 타워 730 1층,송파구,스타벅스,37.5157956,127.0988566
302,송파위례,"서울특별시 송파구 위례광장로 230 (장지동, 위례2차아이파크)",송파구,스타벅스,37.4797341,127.1440951
303,송파방이DT,서울특별시 송파구 오금로 241 (방이동),송파구,스타벅스,37.5164031,127.1215351
304,송파구청,서울특별시 송파구 오금로 87 (방이동),송파구,스타벅스,37.5145732,127.1074043
305,올림픽평화의문,서울특별시 송파구 위례성대로 38 (방이동) 해태그린피아빌라트,송파구,스타벅스,37.5154324,127.1165686
306,송파아이파크,서울특별시 송파구 법원로 55 (문정동),송파구,스타벅스,37.4797951,127.1217993
307,송파사거리,서울특별시 송파구 송파대로 386 (송파동),송파구,스타벅스,37.50460899999999,127.1119305
308,석촌서호,서울특별시 송파구 석촌호수로 176 (삼전동),송파구,스타벅스,37.50633510000001,127.0962937
309,문정로데오,서울특별시 송파구 동남로 141 (가락동),송파구,스타벅스,37.491868,127.1262565
310,올림픽훼미리,서울특별시 송파구 중대로 68 (문정동),송파구,스타벅스,37.4915118,127.1164066
311,올림픽공원남문,서울특별시 송파구 위례성대로 102 (방이동),송파구,스타벅스,37.5132916,127.123111
312,방이역,"서울특별시 송파구 마천로 53, 1~2층 (오금동)",송파구,스타벅스,37.5107269,127.1232403
313,석촌호수,서울특별시 송파구 석촌호수로 262 (송파동),송파구,스타벅스,37.5094027,127.1052218
314,잠실푸르지오월드,"서울특별시 송파구 올림픽로35가길 9, 잠실푸르지오월드마크 1층 (신천동)",송파구,스타벅스,37.5175312,127.103575
315,잠실새내역,서울특별시 송파구 올림픽로 96 (잠실동),송파구,스타벅스,37.5061273,127.0842945
316,잠실역,"서울특별시 송파구 송파대로 562 (신천동, 웰리스타워,삼성웰리스아파트) 1층,2층",송파구,스타벅스,37.5152717,127.0994664
317,갤러리아팰리스,"서울특별시 송파구 올림픽로 212, 갤러리아 팰리스 (잠실동)",송파구,스타벅스,37.5110359,127.093967
318,아시아선수촌,서울특별시 송파구 백제고분로 69 (잠실동),송파구,스타벅스,37.5104879,127.078989
319,올림픽아파트,서울특별시 송파구 양재대로 1222 (방이동),송파구,스타벅스,37.51593200000001,127.1320277
320,가락본동,서울특별시 송파구 송파대로30길 13 (가락동),송파구,스타벅스,37.4958908,127.1171419
321,석촌역,"서울특별시 송파구 백제고분로 358, 1층 (석촌동)",송파구,스타벅스,37.5061506,127.0974959
322,가락시장역,"서울특별시 송파구 중대로 121, 롯데캐슬 파인힐 1층 (가락동)",송파구,스타벅스,37.494324,127.1213465
323,가든파이브,서울특별시 송파구 충민로 10 (문정동) 가든파이브툴,송파구,스타벅스,37.4782249,127.1193622
324,송파NC,서울특별시 송파구 충민로 66 (문정동)  가든파이브라이프 패션관1층,송파구,스타벅스,37.4775761,127.125043
325,몽촌토성역,서울특별시 송파구 위례성대로 6 ,송파구,스타벅스,37.5127868,127.1166466
326,송파KT,"서울특별시 송파구 잠실로 209 (신천동), 오피스빌딩 1층 2~4호",송파구,스타벅스,37.5130506,127.0915464
327,송파마천사거리DT,서울특별시 송파구 거마로 78 (마천동),송파구,스타벅스,37.49964,127.1476597
328,목동파리공원,서울특별시 양천구 목동동로 377 (목동),양천구,스타벅스,37.5352957,126.8788394
329,등촌역,서울특별시 양천구 공항대로 566 (목동) 1층 2층,양천구,스타벅스,37.5468481,126.8751685
330,목동행복한,서울특별시 양천구 목동동로 309 (목동),양천구,스타벅스,37.5291722,126.8759793
331,신정DT,서울특별시 양천구 신월로 341 (신정동),양천구,스타벅스,37.5198014,126.8487425
332,목동역,서울특별시 양천구 목동로 203 (신정동) 1층일부,양천구,스타벅스,37.5266578,126.8637816
333,목동오목로,"서울특별시 양천구 오목로 279 (목동) 102,103,104,105호",양천구,스타벅스,37.5259231,126.868438
334,목동8단지,서울특별시 양천구 목동서로 299 (신정동),양천구,스타벅스,37.520518,126.8688409
335,오목교역,서울특별시 양천구 오목로 354 (목동),양천구,스타벅스,37.5245067,126.862375
336,신월IC DT,서울특별시 양천구 남부순환로 430 (신월동),양천구,스타벅스,37.5293911,126.8320559
337,목동7단지,서울특별시 양천구 목동서로 213 (목동) 세신비젼프라자,양천구,스타벅스,37.5280098,126.8705367
338,목동5단지,"서울특별시 양천구 목동동로 411, 1동 116호(목동, 부영그린타운3차)",양천구,스타벅스,37.5367034,126.8821186
339,목동,서울특별시 양천구 목동서로 67 (목동) 우성에펠타운,양천구,스타벅스,37.5363701,126.8785079
340,현대목동,"서울특별시 양천구 목동동로 257 (목동, 현대하이페리온) 지하2층",양천구,스타벅스,37.527149,126.875036
341,목동파라곤,"서울특별시 양천구 목동서로 155, 목동파라곤 1층 (목동)",양천구,스타벅스,37.5295375,126.8751751
342,목동트라팰리스,서울특별시 양천구 오목로 299 (목동),양천구,스타벅스,37.5257763,126.8703272
343,목동10단지,"서울특별시 양천구 목동서로 401 (신정동, 대림아크로빌), 상가A동 101,101-1호",양천구,스타벅스,37.5154556,126.8597603
344,신월동DT,서울특별시 양천구 남부순환로 319 (신월동),양천구,스타벅스,37.5382715,126.8271345
345,타임스퀘어R,서울특별시 영등포구 영중로 15 지하 1층 (영등포동4가),영등포구,스타벅스,37.517007,126.9041419
346,샛강역,서울특별시 영등포구 여의대방로 376 (여의도동),영등포구,스타벅스,37.5035749,126.9192153
347,영등포역,서울특별시 영등포구 경인로 870 (영등포동1가),영등포구,스타벅스,37.516973,126.909159
348,당산대로,서울특별시 영등포구 양평로 22 (당산동6가),영등포구,스타벅스,37.5331208,126.9038043
349,여의도IFC몰(L1)R,서울특별시 영등포구 국제금융로 10 (여의도동)  지하1층 178호,영등포구,스타벅스,37.5249367,126.9252845
350,여의도KBS R,서울특별시 영등포구 의사당대로 26 (여의도동),영등포구,스타벅스,37.5265758,126.9181878
351,여의도화재보험,서울특별시 영등포구 국제금융로6길 38 (여의도동),영등포구,스타벅스,37.5213452,126.9259819
352,국회대로,서울특별시 영등포구 국회대로 786 (여의도동),영등포구,스타벅스,37.53026,126.9195488
353,영등포KT,서울특별시 영등포구 영중로 119 (영등포동8가),영등포구,스타벅스,37.5252401,126.9053939
354,여의도공원R,서울특별시 영등포구 여의공원로 101 (여의도동),영등포구,스타벅스,37.5292309,126.9248721
355,국회의사당역,서울특별시 영등포구 의사당대로 8 (여의도동),영등포구,스타벅스,37.5278307,126.9168822
356,선유도역,서울특별시 영등포구 양평로 115 (양평동4가),영등포구,스타벅스,37.5377276,126.8945139
357,여의도역R,서울특별시 영등포구 의사당대로 83 (여의도동) 1층,영등포구,스타벅스,37.5233278,126.9234386
358,선유동이레빌딩,서울특별시 영등포구 선유동2로 57 (양평제1동) 이레빌딩,영등포구,스타벅스,37.5338151,126.8969784
359,동여의도,서울특별시 영등포구 국제금융로 86 (여의도동) 롯데캐슬 아이비,영등포구,스타벅스,37.5200722,126.9318875
360,여의도ABL타워,서울특별시 영등포구 의사당대로 147 (여의도동) 알리안츠타워,영등포구,스타벅스,37.518735,126.927716
361,영등포신길,"서울특별시 영등포구 신길로 137 (신길동) 1,2층",영등포구,스타벅스,37.50455729999999,126.9100739
362,문래역,서울특별시 영등포구 당산로 34 (문래동3가),영등포구,스타벅스,37.5190963,126.8985932
363,당산,서울특별시 영등포구 양평로 64 (당산동6가),영등포구,스타벅스,37.5350961,126.8999555
364,여의도한양증권,서울특별시 영등포구 국제금융로6길 7 (여의도동) 한양증권,영등포구,스타벅스,37.5223727,126.9291144
365,여의도일신,서울특별시 영등포구 은행로 11 (여의도동) 1층 1부,영등포구,스타벅스,37.5278712,126.9202202
366,신세계타임스퀘어B2,"서울특별시 영등포구 영중로 9, 신세계타임스퀘어점 리빙관 지하2층 (영등포동4가)",영등포구,스타벅스,37.5176084,126.905008
367,하이테크시티,서울특별시 영등포구 경인로 775 (문래동3가) 에이스하이테크시티,영등포구,스타벅스,37.5144447,126.8987734
368,여의도,서울특별시 영등포구 국제금융로2길 28 (여의도동),영등포구,스타벅스,37.5240419,126.9244816
369,롯데캐슬여의도,"서울특별시 영등포구 의사당대로 127 (여의도동, 롯데캐슬엠파이어) 1층 104호",영등포구,스타벅스,37.5202062,126.9263648
370,문래동,"서울특별시 영등포구 선유로 64, 대창타운빌 1층 (문래동3가)",영등포구,스타벅스,37.5176033,126.895289
371,신세계타임스퀘어1F,"서울특별시 영등포구 영중로 9, 신세계백화점 리빙관 1층 (영등포동4가)",영등포구,스타벅스,37.5176084,126.905008
372,여의도호성,"서울특별시 영등포구 여의대방로65길 24, 호성빌딩 1층 (여의도동)",영등포구,스타벅스,37.5204021,126.9292806
373,타임스퀘어B2,"서울특별시 영등포구 영중로 15, 지하2층 (영등포동4가)",영등포구,스타벅스,37.5171327,126.9037826
374,영등포본동,서울특별시 영등포구 영등포로 254 (영등포동3가),영등포구,스타벅스,37.5177549,126.907807
375,타임스퀘어2F,서울특별시 영등포구 영중로 15 지상2층 (영등포동4가),영등포구,스타벅스,37.517007,126.9041419
376,여의도의사당,"서울특별시 영등포구 국회대로74길 12, 남중빌딩 1층 (여의도동)",영등포구,스타벅스,37.5496468,126.9090878
377,여의도IFC(1F),서울특별시 영등포구 국제금융로 10 (여의도동),영등포구,스타벅스,37.5249367,126.9252845
378,선유도역 1번출구,서울특별시 영등포구 양평로 128 (양평동5가)양평로 128,영등포구,스타벅스,37.5382968,126.8936139
379,영등포구청역,서울특별시 영등포구 국회대로 558 ,영등포구,스타벅스,37.5275785,126.895872
380,서울양평역,"서울특별시 영등포구 선유서로24길 6 (양평동1가, 영등포 중흥 S-CLASS)",영등포구,스타벅스,37.5237037,126.8875056
381,영등포시장교차로,서울특별시 영등포구 영중로 45 (영등포동6가),영등포구,스타벅스,37.52211,126.9031124
382,더현대서울(B2)R,서울특별시 영등포구 여의대로 108 (여의도동),영등포구,스타벅스,37.5237584,126.9225703
383,당산역사거리,서울특별시 영등포구 양평로 47 (당산동5가),영등포구,스타벅스,37.5322248,126.9010187
384,불광역,서울특별시 은평구 통일로 715 ,은평구,스타벅스,37.609382,126.9303971
385,구파발사거리,서울특별시 은평구 진관3로 21 은평엘크루 101동 105-108호,은평구,스타벅스,37.6394858,126.9189884
386,연신내역사거리,서울특별시 은평구 통일로 842 (불광동),은평구,스타벅스,37.61861080000001,126.922168
387,연신내,서울특별시 은평구 통일로 867 (갈현동),은평구,스타벅스,37.6219402,126.9264697
388,구파발역,서울특별시 은평구 진관2로 12,은평구,스타벅스,37.6343271,126.9186635
389,은평구청입구,서울특별시 은평구 은평로 170 (응암동),은평구,스타벅스,37.6010363,126.9267886
390,은평이마트,서울특별시 은평구 은평로 111 (응암동),은평구,스타벅스,37.60077709999999,126.9204992
391,구산역,서울특별시 은평구 연서로 146 (대조동),은평구,스타벅스,37.6118281,126.9177276
392,연합뉴스,서울특별시 종로구 율곡로2길 25 (수송동),종로구,스타벅스,37.5746567,126.9803884
393,혜화역,서울특별시 종로구 대학로12길 4 1~2층,종로구,스타벅스,37.5824779,127.002185
394,경희궁로,서울특별시 종로구 새문안로3길 15 (당주동),종로구,스타벅스,37.5716658,126.9722875
395,강북삼성병원,서울특별시 종로구 새문안로 29 (평동),종로구,스타벅스,37.5688719,126.9680775
396,종로평창동,서울특별시 종로구 평창12길 3 (평창동),종로구,스타벅스,37.60614899999999,126.9672128
397,광화문우체국,서울특별시 종로구 종로 6 (서린동),종로구,스타벅스,37.56980009999999,126.9780682
398,더종로R,서울특별시 종로구 종로 51 (종로2가),종로구,스타벅스,37.5707727,126.983525
399,독립문역,서울특별시 종로구 송월길 155 경희궁자이 4단지 1층 팰리스애비뉴 4114~4119호,종로구,스타벅스,37.5714356,126.9615273
400,정부서울청사R,서울특별시 종로구 새문안로5가길 28 (적선동),종로구,스타벅스,37.5744107,126.9735709
401,동묘앞역,"서울특별시 종로구 종로 344 (숭인동, 대우디오빌) 101호 일부, 201호 일부",종로구,스타벅스,37.5726736,127.0160767
402,종로구청,서울특별시 종로구 삼봉로 71 (수송동),종로구,스타벅스,37.572565,126.981137
403,북촌로,서울특별시 종로구 북촌로4길 23 (계동),종로구,스타벅스,37.5793885,126.9864543
404,종로수송,서울특별시 종로구 종로5길 30 (청진동) 1~3층,종로구,스타벅스,37.5716169,126.9806844
405,새문안로,서울특별시 종로구 새문안로 92 (신문로1가) 광화문오피시아빌딩,종로구,스타벅스,37.5696602,126.9748903
406,안국,서울특별시 종로구 북촌로 5-1 (재동),종로구,스타벅스,37.5795404,126.9843102
407,삼청동,서울특별시 종로구 삼청로 111-1 (삼청동),종로구,스타벅스,37.5853358,126.9816987
408,광화문D타워,서울특별시 종로구 종로3길 17 (청진동) D타워,종로구,스타벅스,37.5713243,126.9790396
409,적선,"서울특별시 종로구 새문안로5길 55, 노스게이트빌딩 1층 (적선동)",종로구,스타벅스,37.5750907,126.9739521
410,인사,서울특별시 종로구 인사동길 14 (인사동),종로구,스타벅스,37.5731223,126.9864102
411,영풍문고,서울특별시 종로구 청계천로 41 (서린동) 영풍빌딩,종로구,스타벅스,37.5696304,126.9821706
412,광화문R,서울특별시 종로구 세종대로 167 (세종로),종로구,스타벅스,37.5712293,126.9762872
413,성대입구,서울특별시 종로구 창경궁로 235 (명륜3가),종로구,스타벅스,37.589259,126.9923661
414,스페이스본,서울특별시 종로구 사직로8길 4 (사직동) 광화문 풍림스페이스본,종로구,스타벅스,37.5743814,126.9686187
415,주얼리시티,서울특별시 종로구 종로 183 (인의동) 효성주얼리시티,종로구,스타벅스,37.571393,126.9986634
416,종각,서울특별시 종로구 종로 64 (종로2가),종로구,스타벅스,37.5701735,126.985657
417,동숭로아트,서울특별시 종로구 동숭길 110 (동숭동),종로구,스타벅스,37.5829419,127.0038862
418,종로관철,"서울특별시 종로구 종로12길 21, 2층 (관철동)",종로구,스타벅스,37.5690496,126.9859854
419,경복궁역,"서울특별시 종로구 자하문로4길 6, 1층 (통의동)",종로구,스타벅스,37.5771471,126.9726344
420,이마빌딩,서울특별시 종로구 종로1길 42 (수송동),종로구,스타벅스,37.5738637,126.9789715
421,마로니에공원,"서울특별시 종로구 대학로 116, 1-2층 (동숭동)",종로구,스타벅스,37.5796075,127.0024305
422,종로3가,"서울특별시 종로구 종로 113-1, 1-4층 (종로3가)",종로구,스타벅스,37.5705527,126.9902055
423,대학로,"서울특별시 종로구 대학로 57, 홍익대학교 대학로캠퍼스 內 (연건동)",종로구,스타벅스,37.5765072,127.0015243
424,경복궁사거리,"서울특별시 종로구 율곡로 6, B동 101호(중학동, 트윈트리타워)",종로구,스타벅스,37.5751853,126.9797383
425,종로관수,서울특별시 종로구 삼일대로20길 13 (관수동),종로구,스타벅스,37.5697113,126.9886559
426,정동,서울특별시 종로구 새문안로 42 (신문로2가),종로구,스타벅스,37.5686502,126.9701419
427,종로플레이스,서울특별시 종로구 창경궁로 120 (인의동),종로구,스타벅스,37.571373,126.9999865
428,강북삼성병원1층,서울특별시 종로구 새문안로 29 (평동),종로구,스타벅스,37.5688719,126.9680775
429,동숭길입구,서울특별시 종로구 대학로 146 (혜화동),종로구,스타벅스,37.5842128,127.0020237
430,서울대치과병원,서울특별시 종로구 대학로 101 서울대학교 치과병원 신관1층,종로구,스타벅스,37.5776979,126.9996458
431,서대문역,서울특별시 종로구 통일로 134 (평동),종로구,스타벅스,37.5680134,126.966708
432,숭례문북창,서울특별시 중구 세종대로12길 12 (남대문로4가),중구,스타벅스,37.5618085,126.9776349
433,을지로4가역,서울특별시 중구 을지로 170 (을지로4가),중구,스타벅스,37.5658155,126.999685
434,동대문두타,서울특별시 중구 장충단로 275 (을지로6가),중구,스타벅스,37.5675139,127.0065887
435,대한상공회의소R,서울특별시 중구 세종대로 39 상공회의소회관 1층,중구,스타벅스,37.5607309,126.9738974
436,명동센트럴,서울특별시 중구 명동9길 16 (명동1가),중구,스타벅스,37.5646118,126.9852283
437,국립중앙의료원,서울특별시 중구 을지로 251 (을지로6가),중구,스타벅스,37.5675139,127.0065887
438,동국대,서울특별시 중구 서애로 1길 11,중구,스타벅스,37.5609063,126.9991003
439,신세계본점5F,서울특별시 중구 소공로 63 (충무로1가),중구,스타벅스,37.5609008,126.9809889
440,을지로내외빌딩R,서울특별시 중구 을지로 51 (을지로2가),중구,스타벅스,37.5664794,126.9836634
441,대우재단빌딩,서울특별시 중구 퇴계로 18 (남대문로5가),중구,스타벅스,37.5585764,126.9749833
442,동대문공원,서울특별시 중구 장충단로 229 (광희동1가),중구,스타벅스,37.5647643,127.0058331
443,을지로국제빌딩,서울특별시 중구 남대문로 109 (다동),중구,스타벅스,37.5669515,126.9822191
444,동대입구역,서울특별시 중구 장충단로 166 (장충동1가),중구,스타벅스,37.5608027,127.0076024
445,신당역사거리,서울특별시 중구 다산로 258 (흥인동),중구,스타벅스,37.5674439,127.0167756
446,연세세브란스,서울특별시 중구 통일로 10 (남대문로5가),중구,스타벅스,37.5570572,126.9736211
447,회현역,서울특별시 중구 퇴계로 72 (회현동) 리더스뷰남산,중구,스타벅스,37.5592302,126.9806639
448,을지로경기빌딩,서울특별시 중구 남대문로10길 9 (삼각동) 경기빌딩,중구,스타벅스,37.567155,126.983204
449,을지로2가,서울특별시 중구 삼일대로 358 (을지로2가),중구,스타벅스,37.56638230000001,126.9880423
450,신세계본점6F,서울특별시 중구 퇴계로 77 (충무로1가),중구,스타벅스,37.5609432,126.9825464
451,서울중앙우체국,서울특별시 중구 소공로 70 (충무로 1가) 서울 중앙 우체국,중구,스타벅스,37.5615577,126.9821367
452,한국프레스센터,서울특별시 중구 세종대로 124 (태평로1가),중구,스타벅스,37.5673548,126.9778304
453,명동중앙로,서울특별시 중구 명동길 60 (명동 2가),중구,스타벅스,37.56369919999999,126.9857659
454,약수역,서울특별시 중구 다산로 129 (신당동),중구,스타벅스,37.55539780000001,127.0107109
455,중구저동,서울특별시 중구 수표로 34 (저동2가),중구,스타벅스,37.5643293,126.9903246
456,명동길,서울특별시 중구 명동10길 41,중구,스타벅스,37.5620375,126.9858586
457,소공로북창,서울특별시 중구 세종대로18길 32 (소공동) 삼원빌딩,중구,스타벅스,37.56372959999999,126.9790251
458,서소문로,서울특별시 중구 서소문로 120 (서소문동) 대한빌딩,중구,스타벅스,37.5635363,126.9741163
459,신당역,"서울특별시 중구 퇴계로 385, 1층 (흥인동)",중구,스타벅스,37.5693545,127.0171338
460,명동메트로,서울특별시 중구 명동9가길 14 (을지로1가) 메트로호텔,중구,스타벅스,37.565127,126.983688
461,숭례문,"서울특별시 중구 세종대로 17, 와이즈타워 1층 (남대문로5가)",중구,스타벅스,37.5585967,126.9732661
462,순화동더샵,"서울특별시 중구 칠패로 27, 1층 (순화동)",중구,스타벅스,37.560174,126.9720786
463,대한극장,"서울특별시 중구 퇴계로 212 (필동2가) 1,2층",중구,스타벅스,37.5609975,126.9933045
464,환구단,서울특별시 중구 소공로 112 (소공동),중구,스타벅스,37.5644064,126.9796971
465,무교동,서울특별시 중구 무교로 21 (무교동) 코오롱빌딩 1층,중구,스타벅스,37.5677014,126.9788451
466,문화일보,서울특별시 중구 새문안로 22 (충정로1가) 문화일보,중구,스타벅스,37.5670708,126.9686154
467,태평로,"서울특별시 중구 세종대로 72, 대영빌딩 1층 (태평로2가)",중구,스타벅스,37.5662021,127.0135216
468,퍼시픽타워,"서울특별시 중구 세종대로9길 41, 퍼시픽타워 1층 (서소문동)",중구,스타벅스,37.5613107,126.9729685
469,남산단암,"서울특별시 중구 소월로 10, 단암빌딩 (남대문로5가)",중구,스타벅스,37.5585441,126.9754628
470,황학캐슬,서울특별시 중구 청계천로 400 (황학동) 롯데캐슬베네치아,중구,스타벅스,37.5708733,127.0213284
471,서소문,서울특별시 중구 서소문로 130 (서소문동),중구,스타벅스,37.5609904,126.9740584
472,을지로삼화타워,서울특별시 중구 을지로5길 16 (을지로2가) 1층,중구,스타벅스,37.5669111,126.9848926
473,소공로,"서울특별시 중구 남대문로7길 19, 삼영빌딩 1층 일부 (소공동)",중구,스타벅스,37.5637273,126.9807681
474,서소문배재,서울특별시 중구 서소문로 99 (서소문동),중구,스타벅스,37.563517,126.975828
475,을지로한국빌딩,"서울특별시 중구 을지로 50, 1층 (을지로 2가)",중구,스타벅스,37.5664715,126.9857521
476,KG타워,서울특별시 중구 통일로 92 (순화동) KG타워,중구,스타벅스,37.5635558,126.9692092
477,시청,"서울특별시 중구 을지로 19, 삼성화재삼성빌딩 1층 (을지로1가)",중구,스타벅스,37.5662571,126.9799416
478,시청플러스,"서울특별시 중구 을지로 19, 삼성화재삼성빌딩 1층 (을지로1가)",중구,스타벅스,37.5662571,126.9799416
479,충무로역,"서울특별시 중구 퇴계로 197, 충무빌딩 1층 (필동 2가)",중구,스타벅스,37.561391,126.9939127
480,명동역,"서울특별시 중구 퇴계로 101, 건물 전체 (충무로 1가)",중구,스타벅스,37.5609432,126.9825464
481,명동입구,서울특별시 중구 남대문로 68-1 (명동2가),중구,스타벅스,37.5631995,126.9822547
482,무교로,서울특별시 중구 무교로 15 (무교동),중구,스타벅스,37.5672459,126.9789
483,숭례문SG타워,서울특별시 중구 세종대로 14 (남대문로5가),중구,스타벅스,37.5580707,126.9747469
484,레스케이프호텔,서울특별시 중구 퇴계로 67 (회현동1가),중구,스타벅스,37.5584918,126.9806097
485,별다방,서울특별시 중구 퇴계로 100 (회현동2가),중구,스타벅스,37.5602013,126.9829327
486,포포인츠명동,서울특별시 중구 삼일대로10길 36 (저동2가),중구,스타벅스,37.5656637,126.9894803
487,명동남산,서울특별시 중구 퇴계로 132 (남산동3가),중구,스타벅스,37.5604891,126.9877701
488,명일역,서울특별시 강동구 양재대로 1647 (명일동),강동구,스타벅스,37.5502209,127.1500409
489,강동구청DT,서울특별시 강동구 성내로 32 (성내동),강동구,스타벅스,37.5291389,127.1237922
490,강동암사DT,서울특별시 강동구 고덕로 43 (암사동),강동구,스타벅스,37.55504,127.1300647
491,굽은다리역,"서울특별시 강동구 양재대로 1568 (명일동, 원일타워)",강동구,스타벅스,37.5543151,126.8721657
492,강동역,"서울특별시 강동구 천호대로 1089 (천호동, 강동 헤르셔)",강동구,스타벅스,37.538274,127.14567
493,둔촌동,서울특별시 강동구 양재대로 1303 (성내동) 평원빌딩,강동구,스타벅스,37.5227235,127.1339426
494,천호로데오,서울특별시 강동구 천호대로 1037 (천호동),강동구,스타벅스,37.5377632,127.1273169
495,천호이마트,서울특별시 강동구 천호대로 1015-14 (천호동) 이마트별관,강동구,스타벅스,37.5495667,127.1370159
496,길동역,서울특별시 강동구 양재대로 1487 (길동),강동구,스타벅스,37.5365691,127.1392602
497,상일동,"서울특별시 강동구 상일로10길 36, 1~2층 (상일동)",강동구,스타벅스,37.5530573,127.1724614
498,천호역,"서울특별시 강동구 천호대로 1012, 태승빌딩 (성내동)",강동구,스타벅스,37.5378216,127.1242994
499,명일이마트,서울특별시 강동구 동남로75길 5 (명일동) 명일이마트별관주차장,강동구,스타벅스,37.5539562,127.1559803
500,상일동역,"서울특별시 강동구 고덕로 399 (고덕동, 고덕센트럴푸르지오)",강동구,스타벅스,37.5576095,127.1699516
501,천호사거리,서울특별시 강동구 올림픽로 651 ,강동구,스타벅스,37.5397441,127.1232777
502,올림픽공원북2문,서울특별시 강동구 강동대로 199 (성내동),강동구,스타벅스,37.5241832,127.1286775
503,천호대로길동,서울특별시 강동구 천호대로 1131 거산 유팰리스,강동구,스타벅스,37.5502182,127.135785
504,신도림,서울특별시 구로구 경인로 610 (신도림동),구로구,스타벅스,37.5029688,126.8766097
505,구로디지털타워,서울특별시 구로구 디지털로32길 30 (구로동),구로구,스타벅스,37.4833471,126.8965154
506,오류동역,서울특별시 구로구 경인로 216 (오류동),구로구,스타벅스,37.4867354,126.8352645
507,구로디지털로,"서울특별시 구로구 디지털로33길 11, 에이스테크노8차 1층 (구로동)",구로구,스타벅스,37.4851811,126.8951168
508,드림마크원,"서울특별시 구로구 디지털로31길 61, 드림마크원데이터센타 1층 (구로동)",구로구,스타벅스,37.4857331,126.8917419
509,구로에이스,"서울특별시 구로구 디지털로 285, 에이스트윈타워1차 103호 (구로동)",구로구,스타벅스,37.4844847,126.8945479
510,구로하이엔드,"서울특별시 구로구 디지털로26길 5, 에이스하이엔드타워1차 103호 (구로동)",구로구,스타벅스,37.4815733,126.8934683
511,현대디큐브2F,서울특별시 구로구 경인로 662 (신도림동),구로구,스타벅스,37.50904,126.889424
512,구로호텔,"서울특별시 구로구 디지털로32길 72, 구로호텔 1층 (구로동)",구로구,스타벅스,37.4831293,126.8988591
513,현대디큐브B2,서울특별시 구로구 경인로 662 (신도림동),구로구,스타벅스,37.50904,126.889424
514,구로고척,서울특별시 구로구 경인로 387 (고척동),구로구,스타벅스,37.5011414,126.8625002
515,구로NC,서울특별시 구로구 구로중앙로 152 (구로동) 구로NC,구로구,스타벅스,37.5012056,126.8827953
516,답십리역,서울특별시 동대문구 천호대로 263 (답십리동),동대문구,스타벅스,37.5693752,127.0568962
517,경희대삼거리,서울특별시 동대문구 회기로 141 (회기동),동대문구,스타벅스,37.59153140000001,127.0520171
518,외대정문,서울특별시 동대문구 이문로 93 (이문동),동대문구,스타벅스,37.5953303,127.0592389
519,신설동역,서울특별시 동대문구 왕산로 19 (신설동),동대문구,스타벅스,37.5748653,127.0254662
520,회기역사거리,서울특별시 동대문구 이문로 37 (회기동),동대문구,스타벅스,37.5907694,127.0561043
521,외대,서울특별시 동대문구 휘경로 12-1 (이문동),동대문구,스타벅스,37.595688,127.0613927
522,장한평역,서울특별시 동대문구 장한로 10 (장안동),동대문구,스타벅스,37.5647038,127.0694499
523,경희대,서울특별시 동대문구 경희대로 16-1 (회기동),동대문구,스타벅스,37.5928812,127.0528085
524,청량리역사,서울특별시 동대문구 왕산로 214 (전농동),동대문구,스타벅스,37.5792928,127.0479007
525,서울숲역,서울특별시 성동구 왕십리로50 1층 일부,성동구,스타벅스,37.5418544,127.044989
526,금호역,서울특별시 성동구 동호로 99 ,성동구,스타벅스,37.5479939,127.0153343
527,뚝섬역,서울특별시 성동구 아차산로 42 (성수동1가),성동구,스타벅스,37.546432,127.0490419
528,황학사거리,"서울특별시 성동구 왕십리로 410 (하왕십리동, 센트라스)",성동구,스타벅스,37.5658389,127.0296943
529,성수역,서울특별시 성동구 성수이로 94 (성수동2가),성동구,스타벅스,37.543193,127.0569432
530,상왕십리역,서울특별시 성동구 왕십리로 382 (하왕십리동),성동구,스타벅스,37.5695219,127.0267887
531,왕십리역,서울특별시 성동구 왕십리로 326 (도선동),성동구,스타벅스,37.5647948,127.0324578
532,한양대,"서울특별시 성동구 왕십리로 225 (행당동) 1,2층",성동구,스타벅스,37.5626959,127.0389277
533,엔터식스,서울특별시 성동구 왕십리광장로 17 (행당동),성동구,스타벅스,37.5621482,127.0379421
534,성수이마트,서울특별시 성동구 뚝섬로 379 (성수동2가) 이마트 성수점,성동구,스타벅스,37.5397379,127.0531007
535,옥수,서울특별시 성동구 독서당로 202 (옥수동),성동구,스타벅스,37.5430298,127.0133661
536,성수낙낙,서울시 성동구 광나루로8길 31 성수SKV1 2동 1층 101~107호,성동구,스타벅스,37.5475127,127.064007
537,효창공원앞역,"서울특별시 용산구 백범로 313 (효창동, 용산 롯데캐슬 센터포레)",용산구,스타벅스,37.5391624,126.963598
538,서울역서부,서울특별시 용산구 만리재로 202 (서계동),용산구,스타벅스,37.5549045,126.9684456
539,이태원역,서울특별시 용산구 이태원로 188 (이태원동),용산구,스타벅스,37.5400456,126.9921017
540,한강진역R,서울특별시 용산구 이태원로 252 (한남동),용산구,스타벅스,37.5370671,127.0010864
541,용산역써밋R,"서울특별시 용산구 한강대로 69 (한강로2가, 용산푸르지오써밋)",용산구,스타벅스,37.5271632,126.9651663
542,이촌,서울특별시 용산구 이촌로 276 (이촌동),용산구,스타벅스,37.5186054,126.9772713
543,신용산역,"서울특별시 용산구 한강대로 95 (한강로2가, 래미안용산)",용산구,스타벅스,37.5292323,126.9669747
544,용산파크타워,"서울특별시 용산구 서빙고로 67 (용산동5가, 파크타워)",용산구,스타벅스,37.5239187,126.9718594
545,남영동,서울특별시 용산구 한강대로 275 (갈월동),용산구,스타벅스,37.5473301,126.9722574
546,한남동R,서울특별시 용산구 독서당로 94 (한남동),용산구,스타벅스,37.5347739,127.0109257
547,서울타워,서울특별시 용산구 남산공원길 105 (용산동2가) YTN서울타워 1층,용산구,스타벅스,37.5511694,126.9882266
548,서울역동자동,서울특별시 용산구 한강대로 372 (동자동),용산구,스타벅스,37.5523409,126.972128
549,순천향입구,서울특별시 용산구 대사관로 67 (한남동),용산구,스타벅스,37.5333841,127.0056296
550,숙대,서울특별시 용산구 청파로47길 57 (청파동3가),용산구,스타벅스,37.5446206,126.9671934
551,동빙고,서울특별시 용산구 장문로 12 (동빙고동),용산구,스타벅스,37.5289471,126.9917838
552,숙대입구역,서울특별시 용산구 한강대로 291 (갈월동),용산구,스타벅스,37.5473301,126.9722574
553,용산아이파크몰,서울특별시 용산구 한강대로23길 55,용산구,스타벅스,37.5288539,126.9640447
554,동부이촌동,서울특별시 용산구 이촌로 198 (이촌동),용산구,스타벅스,37.5210945,126.9690312
555,용산해링턴스퀘어,서울특별시 용산구 서빙고로 17 (한강로3가),용산구,스타벅스,37.53211450000001,126.9650371
556,서울역사,서울특별시 용산구 한강대로 405 (동자동) 신-101호,용산구,스타벅스,37.5523409,126.972128
557,용산리첸시아,"서울특별시 용산구 백범로 341 (원효로1가, 리첸시아 용산)",용산구,스타벅스,37.5380381,126.9675825
558,상봉,"서울특별시 중랑구 상봉로 131 (상봉동, 상봉 듀오트리스 주상복합)",중랑구,스타벅스,37.5974113,127.0922685
559,중랑역,서울특별시 중랑구 망우로30길 3 (상봉동),중랑구,스타벅스,37.5930326,127.0747358
560,중랑구청,서울특별시 중랑구 신내로 72,중랑구,스타벅스,37.5984589,127.1028893
561,사가정역,서울특별시 중랑구 면목로 310,중랑구,스타벅스,37.5841989,127.0866148
562,상봉역,서울특별시 중랑구 망우로 307 (상봉동),중랑구,스타벅스,37.5968974,127.086455
563,묵동이마트,"서울특별시 중랑구 동일로 932 (묵동, 묵동자이아파트) (묵동이마트 B1층)",중랑구,스타벅스,37.6136975,127.077514
564,묵동,서울특별시 중랑구 동일로 952 ,중랑구,스타벅스,37.6154214,127.0766741
565,중화역,"서울특별시 중랑구 봉화산로 35 1,2층",중랑구,스타벅스,37.6016921,127.0782571
566,강남YMCA점,서울 강남구 논현동,강남구,이디야,37.5135304,127.0315341
567,강남구청역아이티웨딩점,"서울 강남구 학동로 338 (논현동, 강남파라곤)",강남구,이디야,37.5165785,127.0403418
568,강남논현학동점,서울 강남구 논현로131길 28 (논현동),강남구,이디야,37.5142272,127.0286662
569,강남대치점,"서울 강남구 역삼로 415 (대치동, 성진빌딩)",강남구,이디야,37.5042957,127.0630527
570,강남도산점,서울 강남구 도산대로37길 20 (신사동),강남구,이디야,37.5222413,127.0314815
571,강남세곡점,"서울 강남구 헌릉로569길 9 (세곡동, 강남지웰파인즈)",강남구,이디야,37.4669731,127.1005262
572,강남율현점,"서울 강남구 밤고개로21길 8 (율현동, 세곡프라자)",강남구,이디야,37.4735007,127.1143801
573,강남자곡점,"서울 강남구 자곡로 180 (자곡동, 강남유탑유블레스)",강남구,이디야,37.4734846,127.1030979
574,개포동역점,"서울 강남구 개포로82길 11 (개포동, 삼우빌딩)",강남구,이디야,37.4885214,127.0674325
575,건설회관점,서울 강남구 언주로 711 (논현동),강남구,이디야,37.5163003,127.0299123
576,대청역점,"서울 강남구 개포로109길 34 (개포동, 대청프라자)",강남구,이디야,37.4941288,127.0776841
577,대치역점,"서울 강남구 남부순환로 2937 (대치동, 까치빌딩)",강남구,이디야,37.4941007,127.061519
578,대치포스코점,"서울 강남구 테헤란로78길 16 (대치동, 노벨빌딩)",강남구,이디야,37.5050626,127.0553827
579,도곡2동점,"서울 강남구 논현로 142 (도곡동, 동현빌딩)",강남구,이디야,37.4824351,127.0429933
580,도산사거리점,서울 강남구 논현동,강남구,이디야,37.5135304,127.0315341
581,삼성동점,서울 강남구 테헤란로88길 10 (대치동),강남구,이디야,37.5068062,127.0594495
582,삼성중앙점,서울 강남구 봉은사로 442 (삼성동),강남구,이디야,37.5112728,127.0482123
583,삼성한전점,서울 강남구 테헤란로107길 11 (삼성동),강남구,이디야,37.5103908,127.0650442
584,선릉사거리점,"서울 강남구 선릉로 519 (역삼동, 삼능빌딩)",강남구,이디야,37.505905,127.047937
585,선릉역점,"서울 강남구 테헤란로 332 (역삼동, HJ타워)",강남구,이디야,37.50383619999999,127.0481703
586,선릉점,"서울 강남구 선릉로86길 15 (대치동, 현대선릉 GOLD TOWER)",강남구,이디야,37.5034763,127.0508494
587,선정릉역점,서울 강남구 봉은사로 326 (역삼동),강남구,이디야,37.5096114,127.042657
588,수서역점,"서울 강남구 광평로 280 (수서동, 로즈데일오피스텔)",강남구,이디야,37.4871856,127.1026541
589,신사역점,서울 강남구 압구정로2길 62 (신사동),강남구,이디야,37.5177352,127.0214289
590,신사점,서울 강남구 도산대로 118 (논현동),강남구,이디야,37.5165111,127.0218046
591,압구정로데오역점,서울 강남구 선릉로161길 20 (신사동),강남구,이디야,37.5274922,127.0388195
592,압구정점,서울 강남구 신사동,강남구,이디야,37.524124,127.022883
593,압구정현대점,"서울 강남구 압구정로 214 (신사동, 현대종합상가빌딩)",강남구,이디야,37.5250407,127.0248272
594,역삼더블루점,"서울 강남구 논현로63길 16 (역삼동, 역삼종합시장 더블루)",강남구,이디야,37.4938222,127.0385342
595,역삼상록점,"서울 강남구 테헤란로43길 18 (역삼동, SC빌딩)",강남구,이디야,37.5043993,127.0440514
596,역삼역점,서울 강남구 테헤란로25길 17 (역삼동),강남구,이디야,37.5017498,127.0352364
597,역삼월드점,"서울 강남구 역삼로52길 14 (역삼동, 도곡프라자)",강남구,이디야,37.4985444,127.0479369
598,역삼점,서울 강남구 논현로72길 13 (역삼동),강남구,이디야,37.49579,127.0405163
599,역삼중앙점,서울 강남구 언주로81길 8 (역삼동),강남구,이디야,37.49762630000001,127.0287869
600,역삼초교점,서울 강남구 강남대로 314 (역삼동),강남구,이디야,37.49128839999999,127.0314731
601,역삼충현점,서울 강남구 논현로98길 7 (역삼동),강남구,이디야,37.5037266,127.0363318
602,역삼플래티넘점,"서울 강남구 테헤란로4길 46 (역삼동, 쌍용플래티넘밸류)",강남구,이디야,37.4954056,127.0304109
603,을지병원사거리점,서울 강남구 도산대로30길 7 (논현동),강남구,이디야,37.5193645,127.0294202
604,이디야커피랩,"서울 강남구 논현로 636 (논현동, 이디야빌딩)",강남구,이디야,37.5104556,127.0328766
605,일원동점,서울 강남구 양재대로27길 20 (일원동),강남구,이디야,37.49037060000001,127.0816125
606,청담사거리점,서울 강남구 도산대로 521 (청담동),강남구,이디야,37.5248364,127.0503603
607,청담역점,"서울 강남구 삼성로 721 (청담동, 룩희 819)",강남구,이디야,37.5231998,127.0486655
608,포이사거리점,서울 강남구 개포로 218 (개포동),강남구,이디야,37.4784579,127.0465991
609,학동역점,"서울 강남구 학동로 219 (논현동, 국제빌딩)",강남구,이디야,37.5107095,127.0443813
610,한티역점,서울 강남구 도곡로69길 8 (대치동),강남구,이디야,37.49790960000001,127.0561038
611,강남YMCA점,서울 강남구 논현동,강남구,이디야,37.5135304,127.0315341
612,강남구청역아이티웨딩점,"서울 강남구 학동로 338 (논현동, 강남파라곤)",강남구,이디야,37.5165785,127.0403418
613,강남논현학동점,서울 강남구 논현로131길 28 (논현동),강남구,이디야,37.5142272,127.0286662
614,강남대치점,"서울 강남구 역삼로 415 (대치동, 성진빌딩)",강남구,이디야,37.5042957,127.0630527
615,강남도산점,서울 강남구 도산대로37길 20 (신사동),강남구,이디야,37.5222413,127.0314815
616,강남세곡점,"서울 강남구 헌릉로569길 9 (세곡동, 강남지웰파인즈)",강남구,이디야,37.4669731,127.1005262
617,강남율현점,"서울 강남구 밤고개로21길 8 (율현동, 세곡프라자)",강남구,이디야,37.4735007,127.1143801
618,강남자곡점,"서울 강남구 자곡로 180 (자곡동, 강남유탑유블레스)",강남구,이디야,37.4734846,127.1030979
619,개포동역점,"서울 강남구 개포로82길 11 (개포동, 삼우빌딩)",강남구,이디야,37.4885214,127.0674325
620,건설회관점,서울 강남구 언주로 711 (논현동),강남구,이디야,37.5163003,127.0299123
621,대청역점,"서울 강남구 개포로109길 34 (개포동, 대청프라자)",강남구,이디야,37.4941288,127.0776841
622,대치역점,"서울 강남구 남부순환로 2937 (대치동, 까치빌딩)",강남구,이디야,37.4941007,127.061519
623,대치포스코점,"서울 강남구 테헤란로78길 16 (대치동, 노벨빌딩)",강남구,이디야,37.5050626,127.0553827
624,도곡2동점,"서울 강남구 논현로 142 (도곡동, 동현빌딩)",강남구,이디야,37.4824351,127.0429933
625,도산사거리점,서울 강남구 논현동,강남구,이디야,37.5135304,127.0315341
626,삼성동점,서울 강남구 테헤란로88길 10 (대치동),강남구,이디야,37.5068062,127.0594495
627,삼성중앙점,서울 강남구 봉은사로 442 (삼성동),강남구,이디야,37.5112728,127.0482123
628,삼성한전점,서울 강남구 테헤란로107길 11 (삼성동),강남구,이디야,37.5103908,127.0650442
629,선릉사거리점,"서울 강남구 선릉로 519 (역삼동, 삼능빌딩)",강남구,이디야,37.505905,127.047937
630,선릉역점,"서울 강남구 테헤란로 332 (역삼동, HJ타워)",강남구,이디야,37.50383619999999,127.0481703
631,선릉점,"서울 강남구 선릉로86길 15 (대치동, 현대선릉 GOLD TOWER)",강남구,이디야,37.5034763,127.0508494
632,선정릉역점,서울 강남구 봉은사로 326 (역삼동),강남구,이디야,37.5096114,127.042657
633,수서역점,"서울 강남구 광평로 280 (수서동, 로즈데일오피스텔)",강남구,이디야,37.4871856,127.1026541
634,신사역점,서울 강남구 압구정로2길 62 (신사동),강남구,이디야,37.5177352,127.0214289
635,신사점,서울 강남구 도산대로 118 (논현동),강남구,이디야,37.5165111,127.0218046
636,압구정로데오역점,서울 강남구 선릉로161길 20 (신사동),강남구,이디야,37.5274922,127.0388195
637,압구정점,서울 강남구 신사동,강남구,이디야,37.524124,127.022883
638,압구정현대점,"서울 강남구 압구정로 214 (신사동, 현대종합상가빌딩)",강남구,이디야,37.5250407,127.0248272
639,역삼더블루점,"서울 강남구 논현로63길 16 (역삼동, 역삼종합시장 더블루)",강남구,이디야,37.4938222,127.0385342
640,역삼상록점,"서울 강남구 테헤란로43길 18 (역삼동, SC빌딩)",강남구,이디야,37.5043993,127.0440514
641,역삼역점,서울 강남구 테헤란로25길 17 (역삼동),강남구,이디야,37.5017498,127.0352364
642,역삼월드점,"서울 강남구 역삼로52길 14 (역삼동, 도곡프라자)",강남구,이디야,37.4985444,127.0479369
643,역삼점,서울 강남구 논현로72길 13 (역삼동),강남구,이디야,37.49579,127.0405163
644,역삼중앙점,서울 강남구 언주로81길 8 (역삼동),강남구,이디야,37.49762630000001,127.0287869
645,역삼초교점,서울 강남구 강남대로 314 (역삼동),강남구,이디야,37.49128839999999,127.0314731
646,역삼충현점,서울 강남구 논현로98길 7 (역삼동),강남구,이디야,37.5037266,127.0363318
647,역삼플래티넘점,"서울 강남구 테헤란로4길 46 (역삼동, 쌍용플래티넘밸류)",강남구,이디야,37.4954056,127.0304109
648,을지병원사거리점,서울 강남구 도산대로30길 7 (논현동),강남구,이디야,37.5193645,127.0294202
649,이디야커피랩,"서울 강남구 논현로 636 (논현동, 이디야빌딩)",강남구,이디야,37.5104556,127.0328766
650,일원동점,서울 강남구 양재대로27길 20 (일원동),강남구,이디야,37.49037060000001,127.0816125
651,청담사거리점,서울 강남구 도산대로 521 (청담동),강남구,이디야,37.5248364,127.0503603
652,청담역점,"서울 강남구 삼성로 721 (청담동, 룩희 819)",강남구,이디야,37.5231998,127.0486655
653,포이사거리점,서울 강남구 개포로 218 (개포동),강남구,이디야,37.4784579,127.0465991
654,학동역점,"서울 강남구 학동로 219 (논현동, 국제빌딩)",강남구,이디야,37.5107095,127.0443813
655,한티역점,서울 강남구 도곡로69길 8 (대치동),강남구,이디야,37.49790960000001,127.0561038
656,4.19사거리점,서울 강북구 삼양로 501 (수유동),강북구,이디야,37.6478542,127.0142169
657,가오리역점,서울 강북구 삼각산로 108 (수유동),강북구,이디야,37.6405639,127.0161466
658,강북경찰서점,서울 강북구 오패산로 403 (번동),강북구,이디야,37.63684689999999,127.0269808
659,광산사거리점,서울 강북구 한천로 1083 (수유동),강북구,이디야,37.6424949,127.0226569
660,미아꿈의숲해링턴점,"서울 강북구 오현로 45 (미아동, 꿈의숲 해링턴 플레이스)",강북구,이디야,37.6185566,127.034085
661,미아삼거리역점,서울 강북구 도봉로10길 28 (미아동),강북구,이디야,37.6138407,127.0310049
662,미아삼거리점,"서울 강북구 도봉로 45 (미아동, 숭인시장)",강북구,이디야,37.613141,127.029269
663,미아송천점,서울 강북구 삼양로 118 (미아동),강북구,이디야,37.6440552,127.0174118
664,미아역점,서울 강북구 도봉로 207 -3(미아동),강북구,이디야,37.6268335,127.0269077
665,미아중앙점,서울 강북구 도봉로 128 (미아동),강북구,이디야,37.62042840000001,127.0287354
666,번동점,"서울 강북구 오현로 194 (번동, 덕수빌딩)",강북구,이디야,37.6288338,127.0398506
667,북한산점,서울 강북구 4.19로 85 (수유동),강북구,이디야,37.6316183,127.0229579
668,삼각산점,서울 강북구 솔샘로40길 3 (미아동),강북구,이디야,37.6198769,127.0160092
669,삼양사거리점,"서울 강북구 솔샘로 254 (미아동, 삼양아케이트)",강북구,이디야,37.6193347,127.0207972
670,삼양시장점,"서울 강북구 삼양로 234 (미아동, 대건빌딩)",강북구,이디야,37.6284519,127.0214065
671,수유1동점,서울 강북구 삼양로 293 (수유동),강북구,이디야,37.6295659,127.0176488
672,수유사거리점,"서울 강북구 덕릉로 82 (수유동, 제네스타워)",강북구,이디야,37.6349162,127.0252928
673,수유역점,서울 강북구 도봉로 355 (수유동),강북구,이디야,37.6393061,127.0266927
674,우이역도선사점,서울 강북구 삼양로173길 21 (우이동),강북구,이디야,37.6626046,127.0113765
675,한신대역점,서울 강북구 덕릉로 31 (수유동),강북구,이디야,37.6342771,127.0169716
676,가양역점,서울 강서구 양천로 500 (등촌동),강서구,이디야,37.558653,126.8532512
677,강서nc점,서울 강서구 강서로54길 11 (등촌동),강서구,이디야,37.5592805,126.8393255
678,강서가양동점,"서울 강서구 강서로 511 (가양동, 한림타운)",강서구,이디야,37.5730939,126.8181515
679,강서교차로점,"서울 강서구 공항대로 437 (등촌동, 주신기업(주))",강서구,이디야,37.5391003,126.8663254
680,강서구청점,"서울 강서구 화곡로 292 (화곡동, 서광프리메라)",강서구,이디야,37.5501456,126.8485937
681,강서한강자이점,서울 강서구 양천로 401 (가양동),강서구,이디야,37.563694,126.8336021
682,개화산역점,"서울 강서구 양천로 28 (방화동, 벽산에어트리움)",강서구,이디야,37.5724755,126.8070694
683,곰달래사거리점,서울 강서구 곰달래로 52 (화곡동),강서구,이디야,37.5299176,126.8385803
684,공항시장역점,"서울 강서구 방화동로 37 (방화동, 메디스타워)",강서구,이디야,37.5640044,126.8107915
685,까치산로점,서울 강서구 까치산로 182 (화곡동),강서구,이디야,37.5533329,126.853912
686,까치산역점,서울 강서구 강서로17길 6 (화곡동),강서구,이디야,37.5333847,126.8451896
687,내발산점,"서울 강서구 강서로 304 (내발산동, 영종빌딩)",강서구,이디야,37.5527284,126.8365671
688,등촌3동점,서울 강서구 공항대로41길 34 (등촌동),강서구,이디야,37.5592457,126.8457028
689,등촌동점,"서울 강서구 공항대로61길 20 (염창동, 우리프리머스)",강서구,이디야,37.5523447,126.8664448
690,등촌역점,서울 강서구 등촌로 217 (등촌동),강서구,이디야,37.549111,126.8632654
691,등촌중앙점,"서울 강서구 등촌로 67 (등촌동, 컴스웨이빌딩)",강서구,이디야,37.54575,126.92412
692,렘넌트문화센터점,"서울 강서구 화곡로63길 65 (등촌동, 예원교회)",강서구,이디야,37.5577795,126.8499165
693,마곡나루역점,"서울 강서구 마곡중앙5로 6 (마곡동, 마곡나루역보타닉푸르지오시티)",강서구,이디야,37.5673603,126.8275954
694,마곡대방디엠씨티점,"서울 강서구 양천로 344 (마곡동, 마곡센트럴대방디엠시티오피스텔)",강서구,이디야,37.5682963,126.8409671
695,마곡수명산점,"서울 강서구 수명로 68-27 (내발산동, 웨스트엔드문화센터)",강서구,이디야,37.5526355,126.826665
696,마곡엠밸리점,"서울 강서구 마곡서로 101 (마곡동, 동익드미라벨복합빌딩)",강서구,이디야,37.5619185,126.826919
697,마곡역점,"서울 강서구 공항대로 195 (마곡동, 힐스테이트에코동익)",강서구,이디야,37.5599737,126.8291801
698,마곡중앙점,"서울 강서구 마곡중앙6로 66 (마곡동, 퀸즈파크텐)",강서구,이디야,37.5602518,126.8332592
699,마곡퀸즈파크9점,"서울 강서구 공항대로 247 (마곡동, 퀸즈파크나인)",강서구,이디야,37.5594439,126.8342748
700,마곡파인스퀘어점,"서울 강서구 마곡중앙4로 22 (마곡동, 파인스퀘어)",강서구,이디야,37.558339,126.829802
701,마곡헤리움점,"서울 강서구 마곡중앙5로1길 25 (마곡동, 마곡헤리움2차)",강서구,이디야,37.569266,126.826403
702,발산역점,서울 강서구 공항대로 280 (내발산동),강서구,이디야,37.54828639999999,126.8194521
703,방화동로점,서울 강서구 방화동로 95 (방화동),강서구,이디야,37.5690525,126.8126438
704,방화사거리점,"서울 강서구 양천로 72 (방화동, 해성빌딩)",강서구,이디야,37.5526732,126.8524544
705,방화역점,"서울 강서구 금낭화로 146 (방화동, 오피앙)",강서구,이디야,37.5781558,126.8132929
706,서울공진초교점,"서울 강서구 마곡중앙1로 26 (마곡동, 마곡엠리체)",강서구,이디야,37.5619185,126.826919
707,송정역점,서울 강서구 공항대로 24 (공항동),강서구,이디야,37.5619449,126.8126966
708,신방화역점,"서울 강서구 마곡중앙5로 81 (마곡동, 에스비타운)",강서구,이디야,37.55319679999999,126.8298352
709,신방화중앙점,"서울 강서구 방화대로34길 92 (방화동, 불해빌딩)",강서구,이디야,37.5708766,126.8213439
710,양천향교역점,서울 강서구 강서로 462 (등촌동),강서구,이디야,37.5665739,126.8413981
711,염창동점,서울 강서구 양천로 689 (염창동),강서구,이디야,37.5540319,126.8717993
712,염창블루나인점,서울 강서구 양천로 583 (염창동),강서구,이디야,37.556904,126.8642901
713,우장산동점,서울 강서구 우현로 15 (화곡동),강서구,이디야,37.547128,126.8436128
714,우장산역점,서울 강서구 강서로45길 5 (화곡동),강서구,이디야,37.5478163,126.8358119
715,증미한화점,"서울 강서구 양천로 551-17 (가양동, 한화비즈메트로1차)",강서구,이디야,37.55869200000001,126.8621098
716,화곡남부시장점,서울 강서구 등촌로5길 80 (화곡동),강서구,이디야,37.5330576,126.8589924
717,화곡로점,서울 강서구 화곡로 133 (화곡동),강서구,이디야,37.54079309999999,126.8364778
718,화곡본동시장점,서울 강서구 까치산로4길 11 (화곡동),강서구,이디야,37.5421805,126.8442573
719,화곡사거리점,서울 강서구 곰달래로 135 (화곡동),강서구,이디야,37.5307235,126.8479086
720,화곡역점,서울 강서구 강서로 161 (화곡동),강서구,이디야,37.541087,126.840531
721,화곡중앙시장점,서울 강서구 가로공원로76길 61 (화곡동),강서구,이디야,37.5343836,126.8382576
722,화곡중앙점,서울 강서구 까치산로 79 (화곡동),강서구,이디야,37.5457288,126.8474016
723,관악구청점,"서울 관악구 관악로 164 (봉천동, 대우디오슈페리움1단지)",관악구,이디야,37.4795649,126.9528901
724,관악하나로마트점,"서울 관악구 남부순환로 1369 (신림동, 관악농협농산물백화점)",관악구,이디야,37.4800718,126.9027849
725,낙성대역점,서울 관악구 남부순환로 1915 (봉천동),관악구,이디야,37.477862,126.9621916
726,난곡사거리점,서울 관악구 남부순환로 1444 (신림동),관악구,이디야,37.4893951,126.9251765
727,난향동점,서울 관악구 난곡로 60 (신림동),관악구,이디야,37.4607674,126.9193864
728,남현홈플러스점,"서울 관악구 과천대로 909 (남현동, 남현프라자)",관악구,이디야,37.4713883,126.9824267
729,녹두거리점,서울 관악구 신림로 91 (신림동),관악구,이디야,37.47029879999999,126.9390781
730,당곡사거리점,서울 관악구 봉천로 245 (봉천동),관악구,이디야,37.4892526,126.9290254
731,보라매중앙점,"서울 관악구 보라매로 62 (봉천동, 보라매삼성아파트)",관악구,이디야,37.4940971,126.9278545
732,봉일시장점,서울 관악구 은천로 23 (봉천동),관악구,이디야,37.487825,126.9484942
733,봉천역점,서울 관악구 남부순환로 1725 (봉천동),관악구,이디야,37.4826457,126.9418783
734,봉천중앙점,서울 관악구 남부순환로 1874 (봉천동),관악구,이디야,37.4789698,126.9577375
735,사당중앙점,서울 관악구 과천대로 951 (남현동),관악구,이디야,37.475496,126.9812655
736,서울대입구역점,"서울 관악구 관악로 195 (봉천동, 관악위버폴리스)",관악구,이디야,37.4827946,126.9532799
737,서울대중앙점,서울 관악구 남부순환로216길 2 (봉천동),관악구,이디야,37.4813377,126.9489838
738,신대방역점,서울 관악구 난곡로 368 (신림동),관악구,이디야,37.48680909999999,126.9137478
739,신림난곡점,서울 관악구 난곡로 197 (신림동),관악구,이디야,37.47253,126.9189265
740,신림남부초교점,서울 관악구 남부순환로 1541-1 (신림동),관악구,이디야,37.48336219999999,126.921872
741,신림대학동점,서울 관악구 호암로26길 17 (신림동),관악구,이디야,37.4707098,126.9345955
742,신림르네상스점,서울 관악구 남부순환로 1617 (신림동),관악구,이디야,37.4845315,126.9302688
743,신림문화교점,서울 관악구 신림로 262-1 (신림동),관악구,이디야,37.478521,126.9326948
744,신림미성점,서울 관악구 난곡로 250 (신림동),관악구,이디야,37.4712962,126.917945
745,신림신원점,서울 관악구 신원로 16 (신림동),관악구,이디야,37.48078539999999,126.9281219
746,신림신화교점,서울 관악구 신림로 199 (신림동),관악구,이디야,37.4754898,126.9361817
747,신림역점,서울 관악구 신림로 312 (신림동),관악구,이디야,37.4821435,126.9301389
748,신림중앙점,서울 관악구 관천로 52 (신림동),관악구,이디야,37.4842993,126.9266142
749,신림패션문화점,서울 관악구 봉천로6길 24 (신림동),관악구,이디야,37.4885801,126.9254188
750,인헌점,서울 관악구 인헌길 17 (봉천동),관악구,이디야,37.4707292,126.9688722
751,청룡중앙점,"서울 관악구 쑥고개로 80 (봉천동, 제이빌딩)",관악구,이디야,37.47917169999999,126.9452559
752,건대로데오점,서울 광진구 아차산로30길 8 (자양동),광진구,이디야,37.5395762,127.0675281
753,건대스타시티2호점,"서울 광진구 능동로 92 (자양동, 스타시티몰) 지하 2층 201호",광진구,이디야,37.5387444,127.0730032
754,건대스타시티점,"서울 광진구 아차산로 272 (자양동, 더샵스타시티)",광진구,이디야,37.53858839999999,127.0726347
755,건대역점,"서울 광진구 아차산로 229 (화양동, 한림타워)",광진구,이디야,37.5407645,127.0690501
756,건대후문점,"서울 광진구 광나루로 416 (화양동, 건회빌딩)",광진구,이디야,37.5435547,127.073456
757,광나루점,서울 광진구 아차산로 624 (광장동),광진구,이디야,37.5536729,127.104248
758,광진구청점,서울 광진구 자양로 136 (구의동),광진구,이디야,37.5397529,127.0833879
759,구의동점,서울 광진구 아차산로 481 (구의동),광진구,이디야,37.5466951,127.0914159
760,구의사거리점,서울 광진구 광나루로 508 (구의동),광진구,이디야,37.5447592,127.0859475
761,구의역점,서울 광진구 구의로 4 (구의동),광진구,이디야,37.5407871,127.0921788
762,구의자양로점,서울 광진구 자양로 251 (구의동),광진구,이디야,37.5489614,127.0892935
763,군자역점,"서울 광진구 능동로 290 (능동, 삼일빌딩)",광진구,이디야,37.5555903,127.0790595
764,동서울터미널점,서울 광진구 구의동,광진구,이디야,37.5466951,127.0914159
765,뚝섬유원지역점,서울 광진구 능동로 21 (자양동),광진구,이디야,37.5334659,127.0672262
766,세종대정문점,서울 광진구 능동로 261 (군자동),광진구,이디야,37.5517961,127.075273
767,세종대후문점,서울 광진구 군자로 109 (군자동),광진구,이디야,37.5528372,127.0719826
768,아차산역점,서울 광진구 천호대로 663 (구의동),광진구,이디야,37.55177,127.0902383
769,어린이대공원역점,서울 광진구 광나루로 380 (화양동),광진구,이디야,37.5435547,127.073456
770,자양동점,서울 광진구 자양로 46 (자양동),광진구,이디야,37.5321373,127.0859522
771,자양우성점,"서울 광진구 자양번영로 34 (자양동, 제이원하이텔)",광진구,이디야,37.5326796,127.0757387
772,중곡대원점,서울 광진구 용마산로 111 (중곡동),광진구,이디야,37.5635558,127.0866291
773,중곡신성점,"서울 광진구 용마산로 37 (중곡동, 이안빌딩)",광진구,이디야,37.598033,127.0940962
774,중곡역점,서울 광진구 능동로 407 (중곡동),광진구,이디야,37.5653961,127.0837734
775,중곡중앙점,서울 광진구 능동로 330 (중곡동),광진구,이디야,37.5624717,127.0959862
776,가산SKV1점,서울 금천구 가산디지털1로 171 (가산동),금천구,이디야,37.4806318,126.8805702
777,가산그레이트점,서울 금천구 디지털로9길 32 (가산동),금천구,이디야,37.4794491,126.8874768
778,가산대륭19차점,서울 금천구 가산디지털2로 70 (가산동),금천구,이디야,37.4746528,126.8822218
779,가산두산위브점,서울 금천구 가산로 111 (가산동),금천구,이디야,37.4755779,126.8929078
780,가산리더스타워점,서울 금천구 벚꽃로 286 (가산동),금천구,이디야,37.4803075,126.8841943
781,가산벽산점,서울 금천구 벚꽃로 244 (가산동),금천구,이디야,37.4767039,126.8857798
782,가산에이스점,서울 금천구 가산디지털1로 196 (가산동),금천구,이디야,37.4829154,126.8812688
783,가산오거리점,"서울 금천구 가산로 155 (가산동, 케이디에스빌딩)",금천구,이디야,37.4813577,126.880871
784,가산월드점,서울 금천구 가산디지털2로 123 (가산동),금천구,이디야,37.4787503,126.8786525
785,가산하이엔드10차점,"서울 금천구 가산디지털1로 30 (가산동, 에이스하이엔드타워10)",금천구,이디야,37.4780439,126.8815648
786,금천롯데마트점,"서울 금천구 시흥대로 291 (독산동, 금천롯데캐슬골드파크3차)",금천구,이디야,37.4611632,126.8971642
787,독산동쌈지공원점,서울 금천구 독산로 276 (독산동),금천구,이디야,37.47131359999999,126.9032798
788,독산동점,"서울 금천구 독산로 218 (독산동, 창영빌딩)",금천구,이디야,37.4663108,126.9019986
789,독산롯데시네마점,서울 금천구 시흥대로 399 (독산동),금천구,이디야,37.4693273,126.8970414
790,박미삼거리점,서울 금천구 시흥대로 150 (시흥동),금천구,이디야,37.47636,126.9007077
791,석수푸르지오점,"서울 금천구 삼성산길 11 (시흥동, 위너스타워)",금천구,이디야,37.4340449,126.9048803
792,세광교회점,서울 금천구 독산로 124 (시흥동),금천구,이디야,37.4582394,126.9056093
793,시흥대로점,서울 금천구 시흥대로 476 (독산동),금천구,이디야,37.4759634,126.8990626
794,시흥동점,서울 금천구 시흥동,금천구,이디야,37.4492857,126.9104662
795,시흥사거리점,서울 금천구 시흥대로63길 8 (시흥동),금천구,이디야,37.4549924,126.8991565
796,시흥유통센터점,"서울 금천구 시흥대로 88 (시흥동, 오복빌딩)",금천구,이디야,37.4418543,126.9039525
797,시흥중앙점,서울 금천구 금하로 748 (시흥동),금천구,이디야,37.4498371,126.9125411
798,에이스가산포휴점,"서울 금천구 가산디지털1로 225 (가산동, 에이스 가산 포휴(지식산업센터))",금천구,이디야,37.4851258,126.8787246
799,은행나무사거리점,서울 금천구 금하로 690 (시흥동),금천구,이디야,37.4517558,126.9066215
800,공릉역점,서울 노원구 동일로192길 5 (공릉동),노원구,이디야,37.626035,127.0733753
801,공릉중앙점,서울 노원구 공릉로 146 (공릉동),노원구,이디야,37.623043,127.0795195
802,광운대점,서울 노원구 광운로 29 (월계동),노원구,이디야,37.6202851,127.0584102
803,노원KT점,서울 노원구 노해로 494 (상계동),노원구,이디야,37.6545399,127.0629813
804,노원사거리점,서울 노원구 동일로 1393 (상계동),노원구,이디야,37.6529076,127.0605347
805,노원역2호점,서울 노원구 상계로 64 (상계동),노원구,이디야,37.6555926,127.0623312
806,노원중앙점,서울 노원구 노원로 452 (상계동),노원구,이디야,37.6568057,127.0669206
807,당고개역점,서울 노원구 상계로 313 (상계동),노원구,이디야,37.67078619999999,127.0803617
808,마들역점,서울 노원구 동일로 1541 (상계동),노원구,이디야,37.66581350000001,127.0569853
809,상계동점,서울 노원구 한글비석로52길 8 (상계동),노원구,이디야,37.6648446,127.0664584
810,상계역사거리점,서울 노원구 한글비석로 409 (상계동) 1~2층,노원구,이디야,37.6611031,127.0708473
811,상계역점,서울 노원구 덕릉로 698 (중계동),노원구,이디야,37.6598008,127.0756283
812,상계중앙점,서울 노원구 동일로 1650 (상계동),노원구,이디야,37.6754112,127.0555125
813,서울과학기술대점,서울 노원구 공릉로 208 (공릉동),노원구,이디야,37.628258,127.0777683
814,서울여대점,서울 노원구 노원로 3 (공릉동),노원구,이디야,37.6218823,127.0865752
815,석계역점,서울 노원구 석계로3길 3 (월계동),노원구,이디야,37.6155161,127.0643253
816,세이브존노원점,"서울 노원구 한글비석로 57 (하계동, 세이브존)",노원구,이디야,37.636639,127.0684032
817,수락산역점,"서울 노원구 동일로 1689 (상계동, 하이베라스)",노원구,이디야,37.67918909999999,127.0549866
818,원자력병원점,서울 노원구 공릉로46길 6 (공릉동),노원구,이디야,37.6269138,127.0796292
819,월계이마트점,"서울 노원구 마들로3길 15 (월계동, 월계이마트)",노원구,이디야,37.6265118,127.0619079
820,월계인덕점,서울 노원구 광운로22길 39 (월계동),노원구,이디야,37.6285729,127.0592566
821,월계초교점,서울 노원구 월계동,노원구,이디야,37.6277451,127.0568215
822,은행사거리점,서울 노원구 중계로 201 (중계동),노원구,이디야,37.6504368,127.0777536
823,중계롯데우성점,서울 노원구 노원로22길 70 (중계동),노원구,이디야,37.6475922,127.0726622
824,중계본동점,서울 노원구 중계로14바길 2 (중계동),노원구,이디야,37.6498409,127.0825681
825,중계브라운스톤점,"서울 노원구 동일로203가길 29 (중계동, 브라운스톤중계)",노원구,이디야,37.6400147,127.0642892
826,중계점,서울 노원구 동일로204가길 34 (중계동),노원구,이디야,37.6406859,127.0681273
827,중계중앙점,서울 노원구 덕릉로73길 18 (중계동),노원구,이디야,37.6521367,127.0723076
828,태릉입구역점,"서울 노원구 공릉로 105 (공릉동, 성종빌딩)",노원구,이디야,37.6195756,127.077871
829,하계온천점,서울 노원구 노원로 257 (하계동),노원구,이디야,37.6401942,127.0727915
830,하계을지점,서울 노원구 공릉로 326 (하계동),노원구,이디야,37.6358505,127.0711596
831,덕성여대점,서울 도봉구 삼양로 542 (쌍문동),도봉구,이디야,37.6515523,127.0129588
832,도봉구청점,"서울 도봉구 도봉로150길 43 (방학동, ESA 아파트)",도봉구,이디야,37.6687735,127.0455156
833,도봉보건소사거리점,서울 도봉구 해등로 157 (쌍문동),도봉구,이디야,37.6567466,127.0388047
834,도봉산점,서울 도봉구 도봉산길 18 (도봉동),도봉구,이디야,37.6859515,127.0362049
835,도봉역점,서울 도봉구 도봉로 823 (도봉동),도봉구,이디야,37.6778789,127.0447434
836,도봉중앙점,서울 도봉구 도봉로181길 18 (도봉동),도봉구,이디야,37.6842049,127.0448504
837,방학사거리점,서울 도봉구 도봉로 677 (방학동),도봉구,이디야,37.6625819,127.0410405
838,방학역점,서울 도봉구 도봉로153길 15 (방학동),도봉구,이디야,37.669757,127.0425203
839,방학점,서울 도봉구 방학로 171 (방학동),도봉구,이디야,37.6621271,127.0332303
840,방학중앙점,서울 도봉구 도당로13길 22 (방학동),도봉구,이디야,37.6657273,127.0352862
841,방학홈플러스점,"서울 도봉구 도봉로 678 (방학동, 홈플러스데스코㈜방학점)",도봉구,이디야,37.6648017,127.0437103
842,선덕고사거리점,"서울 도봉구 해등로 255 (쌍문동, 에벤에셀아파트)",도봉구,이디야,37.6559414,127.0275455
843,신창점,서울 도봉구 덕릉로 235 (창동),도봉구,이디야,37.6388915,127.0380921
844,쌍문동점,서울 도봉구 노해로 162 (쌍문동),도봉구,이디야,37.6487826,127.0272818
845,쌍문역점,서울 도봉구 도봉로117길 4 (쌍문동),도봉구,이디야,37.6494003,127.034694
846,쌍문중앙점,서울 도봉구 도봉로 519 (쌍문동),도봉구,이디야,37.6568545,127.0152936
847,창동블루핀점,서울 도봉구 마들로 550 (창동),도봉구,이디야,37.6605123,127.049623
848,창동역점,서울 도봉구 마들로11길 65 (창동),도봉구,이디야,37.6533575,127.0496609
849,창동제일점,서울 도봉구 노해로70길 81 (창동),도봉구,이디야,37.6487061,127.0525283
850,창동중앙점,서울 도봉구 노해로63길 78 (창동),도봉구,이디야,37.6525232,127.0463148
851,창동하나로마트점,"서울 도봉구 마들로11길 20 (창동, 농협창동유통센타)",도봉구,이디야,37.6553982,127.0521044
852,창동학원가점,서울 도봉구 해등로16길 61 (창동),도봉구,이디야,37.65509040000001,127.0433286
853,창동현대타운점,서울 도봉구 도봉로114길 22 (창동),도봉구,이디야,37.6473276,127.0356466
854,남성역점,서울 동작구 사당로17가길 13 (사당동),동작구,이디야,37.4837726,126.9734022
855,노들점,서울 동작구 노량진로 200 (노량진동),동작구,이디야,37.5128665,126.947914
856,노량진CTS점,서울 동작구 노량진로 110 (노량진동),동작구,이디야,37.5131457,126.9380262
857,노량진드림스퀘어점,"서울 동작구 노들로2길 7 (노량진동, 노량진 드림스퀘어 복합빌딩)",동작구,이디야,37.5069497,126.9362749
858,노량진역사점,"서울 동작구 노량진로 지하 130 (노량진동, 9호선 노량진역)",동작구,이디야,37.51408199999999,126.941687
859,대림성모점,서울 동작구 시흥대로 658 (신대방동),동작구,이디야,37.4903375,126.9080654
860,대방역점,"서울 동작구 노량진로 24 (대방동, 한신빌딩)",동작구,이디야,37.5128738,126.9281981
861,보라매공원점,서울 동작구 여의대방로 90 (신대방동),동작구,이디야,37.496767,126.9166468
862,보라매점,"서울 동작구 보라매로5가길 16 (신대방동, 보라매아카데미타워)",동작구,이디야,37.49126529999999,126.924088
863,사당역점,서울 동작구 동작대로7길 100 (사당동),동작구,이디야,37.4771207,126.9775204
864,사당점,서울 동작구 동작대로 45 (사당동),동작구,이디야,37.4807275,126.9814704
865,상도역점,서울 동작구 상도로 277 (상도1동),동작구,이디야,37.49921399999999,126.9514712
866,상도중앙점,서울 동작구 만양로 17 (상도동),동작구,이디야,37.5061645,126.9471926
867,숭실대점,서울 동작구 사당로 2 (상도동),동작구,이디야,37.4924279,126.9624349
868,신대방삼거리점,서울 동작구 상도로 78 (대방동),동작구,이디야,37.5145329,126.9322942
869,신상도초교점,서울 동작구 양녕로 183 (상도동),동작구,이디야,37.497676,126.9431874
870,이수중앙점,서울 동작구 사당로 285 (사당동),동작구,이디야,37.4846165,126.9791799
871,장승배기역점,서울 동작구 상도로 193 (상도동),동작구,이디야,37.5052485,126.9401875
872,중앙대점,서울 동작구 흑석로 79 (흑석동),동작구,이디야,37.5069892,126.9584078
873,중앙대후문점,서울 동작구 흑석로 20 (상도동),동작구,이디야,37.5047935,126.9530208
874,총신대입구역점,서울 동작구 동작대로 119-1 (사당동),동작구,이디야,37.487267,126.9818565
875,총신대점,"서울 동작구 사당로16가길 96 (사당동) 1,2층",동작구,이디야,37.4850653,126.9688107
876,해군회관점,서울 동작구 여의대방로 194 (대방동),동작구,이디야,37.5080962,126.9262539
877,공덕롯데캐슬점,"서울 마포구 마포대로 109 (공덕동, 롯데캐슬프레지던트)",마포구,이디야,37.5448703,126.9507228
878,공덕점,서울 마포구 마포대로8길 15 (공덕동),마포구,이디야,37.5461947,126.954512
879,광흥창역점,"서울 마포구 창전로 45 (창전동, 서강한화오벨리스크)",마포구,이디야,37.5496548,126.9324316
880,대흥역점,서울 마포구 백범로 100 (대흥동),마포구,이디야,37.5488447,126.9414298
881,동교중앙점,서울 마포구 동교로27길 8 (동교동),마포구,이디야,37.5587392,126.9230221
882,마포경찰서점,서울 마포구 마포대로 173 (공덕동),마포구,이디야,37.54909,126.9532728
883,마포공덕역점,서울 마포구 새창로 6 (도화동),마포구,이디야,37.5407431,126.9537335
884,마포구청점,서울 마포구 월드컵로 196 (성산동),마포구,이디야,37.5643652,126.9062602
885,마포데시앙점,서울 마포구 독막로 320 (도화동),마포구,이디야,37.5397449,126.9484575
886,마포성산시영점,서울 마포구 월드컵북로 210 (성산동),마포구,이디야,37.5613712,126.9167228
887,마포점,서울 마포구 도화길 10 (도화동),마포구,이디야,37.5397641,126.9473823
888,망리단길점,"서울 마포구 포은로 81-1 (망원동, S-빌딩)",마포구,이디야,37.5543031,126.9052551
889,망원역점,서울 마포구 월드컵로 82-1 (서교동),마포구,이디야,37.5579103,126.9106565
890,망원중앙점,서울 마포구 월드컵로 147 (망원동),마포구,이디야,37.5559772,126.9012821
891,상수역점,서울 마포구 와우산로 41-1 (상수동),마포구,이디야,37.5462303,126.9280897
892,상암DMC점,서울 마포구 월드컵북로 396 (상암동),마포구,이디야,37.5791192,126.8902941
893,상암KBS점,서울 마포구 월드컵북로 375 (상암동),마포구,이디야,37.5773051,126.8906358
894,상암우리기술점,서울 마포구 월드컵북로56길 9 (상암동),마포구,이디야,37.5813475,126.887425
895,상암한샘점,서울 마포구 성암로13길 58 (상암동),마포구,이디야,37.5756558,126.8977097
896,상암홈플러스점,서울 마포구 월드컵로 240 (성산동),마포구,이디야,37.55922,126.9139289
897,서강대점,서울 마포구 백범로 34 (신수동),마포구,이디야,37.5487604,126.9393635
898,서교동점,서울 마포구 와우산로29길 70 (서교동),마포구,이디야,37.5563162,126.9265746
899,성산점,서울 마포구 월드컵북로 137 (성산동),마포구,이디야,37.5675176,126.9100186
900,성산중앙점,서울 마포구 성미산로 78 (성산동),마포구,이디야,37.5615164,126.9194136
901,신촌그랑자이점,"서울 마포구 대흥로 183 (대흥동, 신촌그랑자이 상가)",마포구,이디야,37.5561937,126.9456931
902,신촌로터리점,서울 마포구 서강로 135 (노고산동),마포구,이디야,37.5544749,126.9354137
903,신촌숲아이파크점,"서울 마포구 광성로 17 (신수동, 신촌숲아이파크)",마포구,이디야,37.5507963,126.9345284
904,애오개역점,서울 마포구 마포대로 208 (아현동),마포구,이디야,37.5524425,126.9568124
905,오벨리스크점,"서울 마포구 마포대로 33 (도화동, 마포 한화 오벨리스크)",마포구,이디야,37.5399759,126.9454625
906,한강공원로점,서울 마포구 망원로 21 (망원동),마포구,이디야,37.5563164,126.8993901
907,합정LIG점,서울 마포구 양화로1길 21 (합정동),마포구,이디야,37.5494407,126.9103713
908,합정동점,서울 마포구 양화로6길 90 (합정동),마포구,이디야,37.5481933,126.919058
909,합정역사거리점,서울 마포구 독막로2길 5 (합정동),마포구,이디야,37.548217,126.914866
910,합정역점,서울 마포구 양화로11길 54 (서교동),마포구,이디야,37.5520737,126.91491
911,합정홈플러스점,"서울 마포구 양화로 45 (서교동, 메세나폴리스)",마포구,이디야,37.5499443,126.9137027
912,홍대중앙점,서울 마포구 양화로 124 (서교동),마포구,이디야,37.5542126,126.9207762
913,홍대청기와점,서울 마포구 월드컵북로 7 (서교동),마포구,이디야,37.5580081,126.9149565
914,홍대학원가점,서울 마포구 와우산로 148 (창전동),마포구,이디야,37.5541014,126.929644
915,홍익대점,"서울 마포구 홍익로 10 (서교동, 서교푸르지오)",마포구,이디야,37.553754,126.923004
916,가재울점,"서울 서대문구 수색로 100 (북가좌동, DMC래미안e편한세상)",서대문구,이디야,37.5743004,126.9121504
917,가재울중앙점,"서울 서대문구 가재울미래로 2 (남가좌동, DMC파크뷰자이)",서대문구,이디야,37.572301,126.9182776
918,독립문통일로점,서울 서대문구 영천동,서대문구,이디야,37.5699488,126.9563277
919,동교동점,서울 서대문구 신촌로 5 (창천동),서대문구,이디야,37.558379,126.9396708
920,명지대점,서울 서대문구 거북골로 35 (남가좌동),서대문구,이디야,37.5793331,126.9239019
921,명지전문대점,서울 서대문구 가좌로 140 (홍은동),서대문구,이디야,37.5845413,126.9241326
922,무악재역점,서울 서대문구 홍제동,서대문구,이디야,37.58551120000001,126.9489831
923,북가좌동점,서울 서대문구 증가로 257 (북가좌동),서대문구,이디야,37.5760008,126.9030186
924,서대문구청점,서울 서대문구 연희로 237 (연희동),서대문구,이디야,37.578217,126.9356558
925,서대문점,서울 서대문구 냉천동,서대문구,이디야,37.5668216,126.962263
926,신촌기차역점,서울 서대문구 신촌역로 35 (창천동),서대문구,이디야,37.5589365,126.9414455
927,신촌역점,서울 서대문구 신촌로 87-20 (창천동),서대문구,이디야,37.5603666,126.9340513
928,아현역점,"서울 서대문구 신촌로35길 10 (북아현동, e편한세상신촌 4단지)",서대문구,이디야,37.5584231,126.9546193
929,연남동점,서울 서대문구 연희로 42 (연희동),서대문구,이디야,37.5623305,126.9278489
930,연대서문점,서울 서대문구 연희로10길 86 (연희동),서대문구,이디야,37.5636727,126.933677
931,연세대점,서울 서대문구 연세로12길 10 (창천동),서대문구,이디야,37.5588209,126.9375073
932,연희삼거리점,서울 서대문구 연희로 117 (연희동),서대문구,이디야,37.5682728,126.9318184
933,이화여대점,"서울 서대문구 이화여대길 26 (대현동, 이화빌딩)",서대문구,이디야,37.5574242,126.9445008
934,충정로3가점,"서울 서대문구 경기대로 26-26 (충정로3가, 더스타일하우스디센트럴)",서대문구,이디야,37.5622371,126.9615554
935,홍은사거리점,"서울 서대문구 통일로 510 (홍은동, 북한산 더샵)",서대문구,이디야,37.5927053,126.9416772
936,홍제역점,서울 서대문구 홍제동,서대문구,이디야,37.58551120000001,126.9489831
937,강남센트럴시티점,"서울 서초구 신반포로 176 (반포동, 센트럴시티)",서초구,이디야,37.5041299,127.0030692
938,교대역점,"서울 서초구 서초대로56길 22 (서초동, 성운빌딩)",서초구,이디야,37.4977102,126.9978029
939,교육개발원사거리점,"서울 서초구 바우뫼로 180 (양재동, 신송빌딩)",서초구,이디야,37.4787133,127.0390216
940,구반포역점,"서울 서초구 신반포로 50 (반포동, 구반포상가)",서초구,이디야,37.5035427,126.988748
941,국립중앙도서관디지털관점,"서울 서초구 반포대로 201 (반포동, 국립중앙도서관)",서초구,이디야,37.4977656,127.0036701
942,국립중앙도서관본관점,"서울 서초구 반포대로 201 (반포동, 국립중앙도서관)",서초구,이디야,37.4977656,127.0036701
943,남부터미널점,서울 서초구 서초동,서초구,이디야,37.4876872,127.0174271
944,내방역점,"서울 서초구 서초대로 108 (방배동, 삼보빌딩)",서초구,이디야,37.4856837,126.9873598
945,반포지하상가점,"서울 서초구 신반포로 지하 200 (잠원동, 강남터미널지하쇼핑몰)",서초구,이디야,37.5065978,127.0054105
946,방배역점,서울 서초구 방배로 87 (방배동),서초구,이디야,37.482139,126.9968963
947,방배중앙점,"서울 서초구 동광로 1 (방배동, 대양빌딩)",서초구,이디야,37.5166805,127.0189392
948,서울고교점,서울 서초구 서초동,서초구,이디야,37.4876872,127.0174271
949,서울고속버스터미널점,"서울 서초구 신반포로 194 (반포동, 강남고속버스터미널)",서초구,이디야,37.5062379,127.0050378
950,서울교대점,서울 서초구 서초동,서초구,이디야,37.4876872,127.0174271
951,서초법조타운점,"서울 서초구 서초중앙로24길 7 (서초동, 동천빌딩)",서초구,이디야,37.4947529,127.0144754
952,서초역점,서울 서초구 서초동,서초구,이디야,37.4876872,127.0174271
953,서초우면중앙점,"서울 서초구 양재대로2길 100-11 (우면동, 서초 리슈빌S)",서초구,이디야,37.4686963,127.0232578
954,서초점,서울 서초구 서초대로48길 16 (서초동),서초구,이디야,37.4920152,127.0113078
955,신논현역점,서울 서초구 강남대로79길 10 (반포동),서초구,이디야,37.5052523,127.0231968
956,양재AT점,"서울 서초구 동산로 3 (양재동, 한서빌딩)",서초구,이디야,37.4720476,127.0464655
957,양재언남점,"서울 서초구 동산로 60 (양재동, 화성빌딩)",서초구,이디야,37.46854769999999,127.0278008
958,양재점,서울 서초구 남부순환로347길 38 (서초동),서초구,이디야,37.4859875,127.0314737
959,양재중앙점,"서울 서초구 강남대로 221 (양재동, 양재역 환승주차장)",서초구,이디야,37.4832682,127.0344664
960,양재하나로마트점,"서울 서초구 청계산로 10 (양재동, 농협하나로클럽)",서초구,이디야,37.4629931,127.043105
961,예술의전당점,"서울 서초구 반포대로 32 (서초동, 원일빌딩)",서초구,이디야,37.4833789,127.0121074
962,우면동점,"서울 서초구 바우뫼로 20 (우면동, 고호빌딩)",서초구,이디야,37.4699641,127.025301
963,잠원논현점,서울 서초구 신반포로 333 (잠원동),서초구,이디야,37.5108609,127.0201156
964,청계산입구역점,서울 서초구 신원동,서초구,이디야,37.4446745,127.0614206
965,포이점,서울 서초구 마방로10길 42 (양재동),서초구,이디야,37.475593,127.0445372
966,함지박사거리점,서울 서초구 방배로 234 우신빌딩,서초구,이디야,37.4780738,127.0007198
967,고대개운점,서울 성북구 개운사길 30 (안암동5가),성북구,이디야,37.5876534,127.0294038
968,고대점,서울 성북구 인촌로 24 (안암동2가),성북구,이디야,37.587055,127.0212162
969,국민대점,서울 성북구 정릉로9라길 8 (정릉동),성북구,이디야,37.6111263,127.0003764
970,길음뉴타운점,"서울 성북구 길음로 74 (길음동, 길음 에스에이치빌)",성북구,이디야,37.6097759,127.0206116
971,길음중앙점,"서울 성북구 도봉로 11 (길음동, 삼주빌딩)",성북구,이디야,37.6101971,127.0298799
972,돈암동점,서울 성북구 동소문로 119 (동선동4가),성북구,이디야,37.5943435,127.0185038
973,돈암아리랑점,"서울 성북구 아리랑로 75 (돈암동, 돈암코오롱하늘채)",성북구,이디야,37.5992985,127.0129938
974,돌곶이역점,서울 성북구 돌곶이로22길 3 (석관동),성북구,이디야,37.6101594,127.058086
975,동덕여대점,서울 성북구 화랑로 99 (하월곡동),성북구,이디야,37.6038358,127.0353171
976,동소문동점,서울 성북구 동소문로13길 5 (동소문동4가),성북구,이디야,37.5920114,127.0128569
977,보문역점,서울 성북구 보문로 111 (보문동2가),성북구,이디야,37.5848579,127.0191073
978,석계중앙점,서울 성북구 화랑로40길 61 (석관동),성북구,이디야,37.6130719,127.0627789
979,석관동점,"서울 성북구 돌곶이로8길 22 (석관동, 래미안아트리치)",성북구,이디야,37.606103,127.0634229
980,성북구청점,서울 성북구 보문로 162 (삼선동5가),성북구,이디야,37.5876581,127.0157281
981,성신여대역점,서울 성북구 동소문로17길 40 (동소문동6가),성북구,이디야,37.5935484,127.0152431
982,성신여대점,서울 성북구 보문로34길 100 (동선동2가),성북구,이디야,37.5911844,127.020776
983,월곡1동점,서울 성북구 오패산로 99 (하월곡동),성북구,이디야,37.6107208,127.0351251
984,월곡동아점,서울 성북구 장월로1길 47 (상월곡동),성북구,이디야,37.606215,127.0456787
985,월곡중앙점,"서울 성북구 종암로 167 (하월곡동, 동일하이빌뉴시티)",성북구,이디야,37.604314,127.0309948
986,장위2동점,서울 성북구 화랑로25길 14 (장위동),성북구,이디야,37.6092663,127.0524388
987,장위뉴타운점,서울 성북구 장월로 144-1 (장위동),성북구,이디야,37.6176579,127.0510126
988,장위동점,서울 성북구 월계로40길 7 (장위동),성북구,이디야,37.6228267,127.048397
989,장위북서울꿈의숲점,서울 성북구 돌곶이로41가길 2 (장위동),성북구,이디야,37.6185575,127.0455923
990,장위중앙점,서울 성북구 장위로 35 (장위동),성북구,이디야,37.6139721,127.0493268
991,정릉뉴타운점,"서울 성북구 정릉로 307 (정릉동, 라온유 아파트)",성북구,이디야,37.60318760000001,127.0183002
992,정릉아리랑점,"서울 성북구 북악산로 851 (정릉동, 정릉2차 e-편한세상)",성북구,이디야,37.5998738,127.0195276
993,정릉점,서울 성북구 보국문로 77 (정릉동),성북구,이디야,37.6111065,127.0086007
994,정릉중앙점,서울 성북구 정릉로 251 (정릉동),성북구,이디야,37.6046666,127.0119116
995,종암동점,서울 성북구 종암로 105 (종암동),성북구,이디야,37.5994896,127.0339384
996,하월곡동점,서울 성북구 오패산로 16 (하월곡동),성북구,이디야,37.6115817,127.0381509
997,한성대역점,서울 성북구 동소문로 19 (동소문동1가),성북구,이디야,37.5889646,127.0063694
998,한성대점,서울 성북구 삼선교로 10 (삼선동1가),성북구,이디야,37.5863523,127.0089064
999,가든파이브점,"서울 송파구 충민로 10 (문정동, 가든파이브툴)",송파구,이디야,37.4782249,127.1193622
1000,가든파이브테크노관점,"서울 송파구 충민로 66 (문정동, 가든파이브라이프)",송파구,이디야,37.4775761,127.125043
1001,가락몰점,"서울 송파구 양재대로 932 (가락동, 가락몰 판매동)",송파구,이디야,37.4933411,127.1097998
1002,가락중앙점,서울 송파구 송이로 87 (가락동),송파구,이디야,37.4982843,127.1207781
1003,개롱역점,"서울 송파구 오금로 407 (오금동, 상아아파트)",송파구,이디야,37.4982404,127.136456
1004,거여점,서울 송파구 오금로 497 (거여동),송파구,이디야,37.48205129999999,127.1429218
1005,마천사거리점,"서울 송파구 마천로 264 (거여동, 흥일빌딩)",송파구,이디야,37.4980378,127.1461353
1006,문정KDU타워점,"서울 송파구 정의로 70 (문정동, 케이디유타워)",송파구,이디야,37.4830797,127.12489
1007,문정문현점,서울 송파구 새말로8길 30 (문정동),송파구,이디야,37.4800957,127.1266355
1008,문정중앙점,서울 송파구 문정로 31-1 (문정동),송파구,이디야,37.4864701,127.1263126
1009,문정테라타워점,"서울 송파구 송파대로 167 (문정동, 문정역테라타워)",송파구,이디야,37.4852289,127.1207097
1010,방이미성점,"서울 송파구 오금로 251 (방이동, 잠실3차한양아파트)",송파구,이디야,37.5061281,127.1224849
1011,방이시장점,서울 송파구 백제고분로48길 3 (방이동),송파구,이디야,37.51180069999999,127.1137457
1012,방이역점,서울 송파구 위례성대로18길 32 (방이동),송파구,이디야,37.5095235,127.1247104
1013,방이초교점,서울 송파구 가락로 280 (방이동),송파구,이디야,37.5127115,127.1199902
1014,삼전역점,서울 송파구 백제고분로 263 (삼전동),송파구,이디야,37.5027433,127.0957873
1015,서울삼성내과점,"서울 송파구 백제고분로 126 (잠실동, 오룡빌딩)",송파구,이디야,37.5061551,127.0807668
1016,석촌백제점,"서울 송파구 백제고분로39길 15 (석촌동, 삼경빌딩)",송파구,이디야,37.5058869,127.1043148
1017,석촌사거리점,"서울 송파구 송파대로 409 (석촌동, 범양빌딩)",송파구,이디야,37.503517,127.1035697
1018,석촌역점,"서울 송파구 송파대로 456 (송파동, 웅현빌딩)",송파구,이디야,37.5096553,127.1127913
1019,송파동점,"서울 송파구 백제고분로41길 5 (송파동, 태원빌딩)",송파구,이디야,37.509183,127.1055698
1020,송파문정점,서울 송파구 송이로 159 (가락동),송파구,이디야,37.4929217,127.1253339
1021,송파올림픽훼미리타운점,"서울 송파구 중대로 24 (문정동, 올림픽훼밀리타운 아카데미 상가)",송파구,이디야,37.4896023,127.1187913
1022,송파위례점,"서울 송파구 위례광장로 188 (장지동, 아이온스퀘어)",송파구,이디야,37.4850892,127.1332182
1023,송파잠실점,서울 송파구 삼전로 95 (잠실동),송파구,이디야,37.5069289,127.0898316
1024,송파파인타운점,"서울 송파구 충민로2길 28 (장지동, 대진플라자2)",송파구,이디야,37.4772984,127.1275686
1025,송파풍납점,서울 송파구 강동대로9길 17-1 (풍납동),송파구,이디야,37.5280621,127.11653
1026,송파하비오점,"서울 송파구 송파대로 111 (문정동, 파크하비오)",송파구,이디야,37.482085,127.123578
1027,송파한양점,"서울 송파구 가락로 165 (송파동, 위례캐슬빌)",송파구,이디야,37.5003231,127.112736
1028,오금점,"서울 송파구 오금로 306 (가락동, 가락스타클래스)",송파구,이디야,37.5028786,127.1261236
1029,오금중앙점,"서울 송파구 위례성대로22길 18 (오금동, 이시돌빌딩)",송파구,이디야,37.5087113,127.1304008
1030,올림픽공원점,서울 송파구 올림픽로 354 (방이동),송파구,이디야,37.516154,127.109764
1031,올림픽프라자점,서울 송파구 양재대로 1222 (방이동),송파구,이디야,37.51593200000001,127.1320277
1032,위례아이파크점,"서울 송파구 위례광장로 136 (장지동, 위례아이파크)",송파구,이디야,37.4797341,127.1440951
1033,위례포레샤인점,"서울 송파구 위례순환로 477 (장지동, 위례포레샤인23단지)",송파구,이디야,37.4765682,127.1347366
1034,잠실나루역점,"서울 송파구 올림픽로35길 104 (신천동, 장미아파트)",송파구,이디야,37.5193571,127.0993659
1035,잠실본동점,"서울 송파구 백제고분로 172 (잠실동, 제이케이빌딩)",송파구,이디야,37.5067793,127.0893685
1036,잠실역점,"서울 송파구 송파대로 567 (잠실동, 잠실주공아파트)",송파구,이디야,37.51519400000001,127.0948475
1037,잠실월드점,"서울 송파구 올림픽로35가길 9 (신천동, 잠실 푸르지오 월드마크)",송파구,이디야,37.5175312,127.103575
1038,종합운동장역점,"서울 송파구 올림픽로 76 (잠실동, J타워)",송파구,이디야,37.5121502,127.0752952
1039,CBS본사점,서울 양천구 목동서로 159-1 (목동),양천구,이디야,37.52821350000001,126.8749471
1040,강서초교점,서울 양천구 오목로 48 (신월동),양천구,이디야,37.5220241,126.8429393
1041,남부지법점,서울 양천구 신월로 350 (신정동),양천구,이디야,37.5216718,126.8598865
1042,목3동점,"서울 양천구 목동중앙북로 38 (목동, 롯데캐슬위너아파트)",양천구,이디야,37.5466479,126.8679932
1043,목4동점,서울 양천구 목동중앙본로7길 46 (목동),양천구,이디야,37.5394371,126.86612
1044,목동남부점,서울 양천구 목동남로 46 (신정동),양천구,이디야,37.5087155,126.8647187
1045,목동등촌로점,서울 양천구 등촌로 180 (목동),양천구,이디야,37.5456026,126.8627246
1046,목동로데오점,서울 양천구 목동로 219 (신정동),양천구,이디야,37.5279211,126.8637907
1047,목동신목점,"서울 양천구 목동중앙로 85 (목동, 강산아파트)",양천구,이디야,37.53661990000001,126.8712586
1048,목동신트리점,"서울 양천구 신정로 312 (신정동, 뉴프라자)",양천구,이디야,37.5132891,126.855733
1049,목동아델리체점,"서울 양천구 중앙로43길 14 (신정동, 래미안 목동아델리체)",양천구,이디야,37.5180135,126.8518873
1050,목동역점,서울 양천구 오목로 227 (신정동),양천구,이디야,37.526041,126.8627071
1051,목동중앙점,"서울 양천구 목동서로 287 (신정동, 동문비젼오피스텔)",양천구,이디야,37.5215106,126.8690925
1052,목동파라곤점,서울 양천구 목동서로 155 (목동),양천구,이디야,37.5293136,126.8751264
1053,목동파리공원점,서울 양천구 목동동로 379 (목동),양천구,이디야,37.5355702,126.8787085
1054,서남병원점,서울 양천구 신정동,양천구,이디야,37.5166014,126.8638714
1055,신월5동점,서울 양천구 화곡로 50 (신월동),양천구,이디야,37.5391278,126.8274379
1056,신월7동점,서울 양천구 지양로 79 (신월동),양천구,이디야,37.5223947,126.8329818
1057,신월사거리점,서울 양천구 남부순환로 353 (신월동),양천구,이디야,37.5356284,126.8289172
1058,신월신곡시장점,서울 양천구 신월로 172 (신월동),양천구,이디야,37.5182621,126.8426399
1059,신정교점,서울 양천구 신목로 36 (신정동),양천구,이디야,37.5188009,126.8737695
1060,신정네거리역점,서울 양천구 중앙로 282 (신정동),양천구,이디야,37.5215126,126.8525663
1061,신정서부점,서울 양천구 신정로11길 50-15 (신정동),양천구,이디야,37.5121775,126.8383361
1062,신정역점,서울 양천구 오목로 155 (신정동),양천구,이디야,37.5249251,126.854642
1063,양천구청점,서울 양천구 목동동로 63 (신정동),양천구,이디야,37.5152752,126.8623016
1064,오목교대학학원점,서울 양천구 오목로 319 (목동),양천구,이디야,37.5250374,126.8730535
1065,오목교역점,서울 양천구 신목로 102 (목동),양천구,이디야,37.5235593,126.8757535
1066,KBS별관점,"서울 영등포구 국제금융로8길 27-9 (여의도동, 동북빌딩)",영등포구,이디야,37.5196169,126.9289537
1067,국회대로점,"서울 영등포구 국회대로72길 4 (여의도동, 아이비피아빌딩)",영등포구,이디야,37.5302318,126.919859
1068,국회의사당역점,"서울 영등포구 의사당대로 22 (여의도동, 이룸센터)",영등포구,이디야,37.5268293,126.91783
1069,남부고용센터점,서울 영등포구 양산로 71 (양평동3가),영등포구,이디야,37.5249901,126.8910908
1070,당산버드나루점,서울 영등포구 버드나루로 87 (영등포동7가),영등포구,이디야,37.5247311,126.9072916
1071,당산역점,"서울 영등포구 당산로 222 (당산동5가, 당산디오빌)",영등포구,이디야,37.5332974,126.9022397
1072,당산중앙점,서울 영등포구 당산로 159 (당산동4가),영등포구,이디야,37.5287389,126.8995556
1073,대림1동점,서울 영등포구 도림로 198 (대림동),영등포구,이디야,37.4955091,126.899438
1074,대림3동점,서울 영등포구 대림로 212 (대림동),영등포구,이디야,37.4995567,126.8981452
1075,대림역점,서울 영등포구 도림로31길 2 (대림동),영등포구,이디야,37.4924907,126.8959161
1076,도림사거리점,서울 영등포구 도림로 326 (신길동),영등포구,이디야,37.5065486,126.9018065
1077,도림점,"서울 영등포구 도신로15길 40 (도림동, 도림빌딩)",영등포구,이디야,37.5096218,126.8979124
1078,라이프점,"서울 영등포구 63로 40 (여의도동, 라이프오피스텔)",영등포구,이디야,37.5195583,126.9391694
1079,문래역점,서울 영등포구 문래로 89 (문래동3가),영등포구,이디야,37.5196161,126.8919362
1080,보라매역점,서울 영등포구 여의대방로 141 (신길동),영등포구,이디야,37.5074088,126.9168029
1081,서여의도점,"서울 영등포구 국회대로72길 17 (여의도동, KCC파크타운)",영등포구,이디야,37.529455,126.9211706
1082,선유도역점,서울 영등포구 양평로 126 (양평동5가),영등포구,이디야,37.5411416,126.8944092
1083,신길성애병원점,서울 영등포구 여의대방로53길 27 (신길동),영등포구,이디야,37.5118321,126.9215338
1084,신길썬프라자점,서울 영등포구 신길로 42 (신길동),영등포구,이디야,37.496429,126.9086066
1085,신길아이파크점,서울 영등포구 도림로 280 (신길동),영등포구,이디야,37.5029,126.9042022
1086,신길역점,서울 영등포구 영등포로 353 (신길동),영등포구,이디야,37.5150289,126.918074
1087,신길중앙점,서울 영등포구 도신로 229 (신길동),영등포구,이디야,37.5121582,126.9165036
1088,신풍역점,서울 영등포구 신풍로 52-1 (신길동),영등포구,이디야,37.49990469999999,126.9117746
1089,양평동2가점,"서울 영등포구 선유서로25길 19 (양평동2가, 오목교투웨니퍼스트)",영등포구,이디야,37.5243251,126.8837313
1090,여의나루역점,서울 영등포구 여의나루로 113 (여의도동),영등포구,이디야,37.52601629999999,126.9307571
1091,여의도농협재단점,"서울 영등포구 국제금융로8길 2 (여의도동, 농협재단빌딩)",영등포구,이디야,37.5219838,126.930031
1092,여의도역점,"서울 영등포구 의사당대로 108 (여의도동, 아일렉스)",영등포구,이디야,37.5210236,126.9240116
1093,영등포knk점,"서울 영등포구 영신로 220 (영등포동8가, KnK디지털타워)",영등포구,이디야,37.526554,126.904299
1094,영등포구청점,서울 영등포구 당산로 110 (당산동3가),영등포구,이디야,37.5268845,126.8983667
1095,영등포그랜드점,"서울 영등포구 양산로9길 15 (양평동3가, 그랜드타워)",영등포구,이디야,37.5263235,126.888719
1096,영등포본동점,서울 영등포구 영신로19길 15 (영등포동),영등포구,이디야,37.5138185,126.9060085
1097,영등포시장점,서울 영등포구 영등포로35길 19 (영등포동6가),영등포구,이디야,37.5216207,126.9041803
1098,영등포아크로타워점,"서울 영등포구 국회대로54길 10 (영등포동7가, 아크로타워 스퀘어)",영등포구,이디야,37.5244579,126.9076599
1099,영등포에이스점,서울 영등포구 경인로 775 (문래동3가),영등포구,이디야,37.5144447,126.8987734
1100,영등포점,서울 영등포구 영중로 16-1 (영등포동3가),영등포구,이디야,37.5187427,126.9070871
1101,영등포중앙점,서울 영등포구 영중로 37 (영등포동4가),영등포구,이디야,37.5193148,126.9046511
1102,영등포코레일점,"서울 영등포구 경인로 846 (영등포동, 영등포 민자역사)",영등포구,이디야,37.5158879,126.9075191
1103,영등포홈플러스점,"서울 영등포구 당산로 42 (문래동3가, 홈플러스)",영등포구,이디야,37.5181504,126.8958956
1104,한강성심병원점,서울 영등포구 버드나루로 51 (영등포동2가),영등포구,이디야,37.523129,126.9105655
1105,한국수출입은행점,"서울 영등포구 은행로 38 (여의도동, 한국수출입은행빌딩)",영등포구,이디야,37.52859309999999,126.9233935
1106,힐스테이트클래시안점,"서울 영등포구 신길로28길 9 (신길동, 힐스테이트 클래시안)",영등포구,이디야,37.503593,126.912645
1107,갈현점,서울 은평구 갈현로 268 (갈현동),은평구,이디야,37.6122498,126.9132786
1108,구산사거리점,서울 은평구 서오릉로 195 (구산동),은평구,이디야,37.6138414,126.9110225
1109,구산역점,서울 은평구 연서로 148 (대조동),은평구,이디야,37.6141112,126.9208904
1110,구파발역점,"서울 은평구 진관2로 29-21 (진관동, 드림스퀘어)",은평구,이디야,37.6458965,126.9262918
1111,녹번동점,"서울 은평구 진흥로 156 (녹번동, 신명빌딩)",은평구,이디야,37.6086912,126.9269617
1112,녹번중앙점,"서울 은평구 통일로 635 (녹번동, 녹번동메카오피스텔)",은평구,이디야,37.603474,126.9346394
1113,독바위역점,"서울 은평구 불광로 128 (불광동, 배진하우스)",은평구,이디야,37.6180771,126.9333072
1114,백련산아이파크점,"서울 은평구 응암로 264 (응암동, 서울빌딩)",은평구,이디야,37.5952388,126.9188557
1115,본서부병원점,"서울 은평구 응암로 337 (응암동, 빛터룩스 빌딩)",은평구,이디야,37.6012692,126.9221517
1116,불광역점,서울 은평구 통일로 731 (대조동),은평구,이디야,37.6141112,126.9208904
1117,불광연서로점,서울 은평구 연서로 275 (불광동),은평구,이디야,37.6116009,126.9304684
1118,불광중앙점,서울 은평구 불광로 59 (불광동),은평구,이디야,37.6122908,126.9317226
1119,수색역점,서울 은평구 수색로 250 (수색동),은평구,이디야,37.5818859,126.8963113
1120,역촌동점,서울 은평구 갈현로 82 (역촌동),은평구,이디야,37.6013705,126.9134783
1121,역촌사거리점,서울 은평구 서오릉로 100 (대조동),은평구,이디야,37.608995,126.9216444
1122,역촌진흥로점,서울 은평구 진흥로1길 3 (역촌동),은평구,이디야,37.6016991,126.9194436
1123,연신내역점,서울 은평구 통일로 855-9 (갈현동),은평구,이디야,37.6270657,126.9156137
1124,연신내중앙점,서울 은평구 통일로 825 (대조동),은평구,이디야,37.6141112,126.9208904
1125,연신내통일로점,서울 은평구 통일로 876 (불광동),은평구,이디야,37.6211624,126.9202577
1126,은평구청점,서울 은평구 은평로 197 (녹번동),은평구,이디야,37.6016007,126.9296014
1127,은평뉴타운점,"서울 은평구 진관3로 70 (진관동, 은평뉴타운상림마을)",은평구,이디야,37.64223339999999,126.9231143
1128,은평이마트점,"서울 은평구 은평로 111 (응암동, 은평이마트)",은평구,이디야,37.6003893,126.9202568
1129,응암역점,"서울 은평구 연서로 9 (역촌동, 센타폴리스)",은평구,이디야,37.6001129,126.9155858
1130,응암오거리점,서울 은평구 응암로 211 (응암동),은평구,이디야,37.5908628,126.9171141
1131,응암중앙점,서울 은평구 응암로 183 (응암동),은평구,이디야,37.5883944,126.9165713
1132,증산동점,서울 은평구 증산서길 78 (증산동),은평구,이디야,37.5833382,126.9065476
1133,경복궁역점,서울 종로구 자하문로 7 (체부동),종로구,이디야,37.5790658,126.9697902
1134,광화문점,서울 종로구 세종대로23길 15 (도렴동),종로구,이디야,37.571457,126.9756366
1135,광화문트윈트리타워점,"서울 종로구 율곡로 6 (중학동, 트윈 트리 빌딩)",종로구,이디야,37.5751853,126.9797383
1136,낙원동점,서울 종로구 낙원동,종로구,이디야,37.57284569999999,126.9884126
1137,대학로점,서울 종로구 대학로10길 17 (동숭동),종로구,이디야,37.5820564,127.0031655
1138,독립문역점,서울 종로구 통일로 266 (무악동),종로구,이디야,37.5771577,126.9586244
1139,동대문역점,"서울 종로구 율곡로 286 (종로6가, 야드인빌딩)",종로구,이디야,37.5718325,127.0081491
1140,동묘역점,서울 종로구 종로 354 (숭인동),종로구,이디야,37.5776264,127.0223891
1141,방통대점,서울 종로구 대학로 81-1 (연건동),종로구,이디야,37.5783148,127.0017255
1142,배화여대점,서울 종로구 필운대로1길 35 (필운동),종로구,이디야,37.5778275,126.9679917
1143,북촌마을점,서울 종로구 북촌로5길 39 (화동),종로구,이디야,37.57953759999999,126.9836008
1144,삼일빌딩점,서울 종로구 삼일대로15길 13 (관철동),종로구,이디야,37.5687424,126.9867265
1145,상명대점,서울 종로구 홍지동,종로구,이디야,37.601247,126.9562041
1146,성균관대점,서울 종로구 성균관로 8 (명륜2가),종로구,이디야,37.5845216,126.9994393
1147,숭인점,서울 종로구 숭인동길 6 (숭인동),종로구,이디야,37.5752518,127.0215847
1148,신설점,서울 종로구 난계로29길 30 (숭인동),종로구,이디야,37.5741948,127.0214683
1149,종각점,서울 종로구 삼일대로19길 24 (관철동),종로구,이디야,37.56962,126.9862007
1150,종로3가점,서울 종로구 종로 126 (종로3가),종로구,이디야,37.5700276,126.9917137
1151,종로4가점,서울 종로구 김상옥로 1 (인의동),종로구,이디야,37.5734546,126.9978915
1152,종로5가점,서울 종로구 대학로 33 (효제동),종로구,이디야,37.574208,127.0018843
1153,종로교차로점,서울 종로구 동호로 406-1 (종로5가),종로구,이디야,37.5705613,127.002241
1154,종로구청점,서울 종로구 수송동,종로구,이디야,37.5739802,126.9804234
1155,종로르메이에르점,서울 종로구 종로1가 르메이에르종로타운,종로구,이디야,37.5709593,126.9798759
1156,종로삼일대로점,서울 종로구 삼일대로 390-1 (관철동),종로구,이디야,37.5690625,126.9872746
1157,종로타워점,"서울 종로구 종로 51 (종로2가, 종로타워)",종로구,이디야,37.5707727,126.983525
1158,창덕궁점,서울 종로구 돈화문로 41-1 (묘동),종로구,이디야,37.5741088,126.991447
1159,창신동점,서울 종로구 종로 316-1 (창신동),종로구,이디야,37.5745846,127.008896
1160,창신중앙점,서울 종로구 지봉로 64 (숭인동),종로구,이디야,37.5756904,127.0158154
1161,탑골공원점,서울 종로구 낙원동,종로구,이디야,37.57284569999999,126.9884126
1162,혜화동로터리점,서울 종로구 혜화로 3-1 (혜화동),종로구,이디야,37.5860305,127.0005638
1163,혜화역점,서울 종로구 창경궁로 258-15 (명륜2가),종로구,이디야,37.5846573,127.0002379
1164,YTN점,서울 중구 세종대로1길 11 (봉래동1가),중구,이디야,37.5581783,126.9727466
1165,광희동점,서울 중구 마른내로 165-1 (광희동1가),중구,이디야,37.564787,127.006136
1166,다동점,서울 중구 다동길 46 (다동),중구,이디야,37.56782159999999,126.9817119
1167,동국대후문점,"서울 중구 창경궁로 2 (충무로5가, 남경빌딩)",중구,이디야,37.5624822,126.9986871
1168,동대문점,서울 중구 을지로43길 38 (을지로6가),중구,이디야,37.5676676,127.0077516
1169,동평화점,서울 중구 청계천로 318 (신당동),중구,이디야,37.5694218,127.0132185
1170,만리동고개점,"서울 중구 만리재로 175 (만리동2가, 서울역센트럴자이),402동 102호",중구,이디야,37.555136,126.9634788
1171,명동역점,서울 중구 퇴계로 103 (충무로1가),중구,이디야,37.5608361,126.9832037
1172,북창동점,서울 중구 남대문로1길 57-1 (태평로2가),중구,이디야,37.5636058,126.9775563
1173,서소문점,서울 중구 서소문로11길 8 (서소문동),중구,이디야,37.5632228,126.973086
1174,서울시청점,"서울 중구 세종대로20길 23 (무교동, 원창빌딩)",중구,이디야,37.5631745,126.9989676
1175,세종로점,서울 중구 세종대로21길 67 (태평로1가),중구,이디야,37.5682757,126.9756694
1176,신당점,서울 중구 다산로35길 11 (신당동),중구,이디야,37.56351799999999,127.0148075
1177,신당중앙점,서울 중구 퇴계로 455 (황학동),중구,이디야,37.56744380000001,127.0198915
1178,약수역점,서울 중구 동호로 186-13 (신당동),중구,이디야,37.5545654,127.0114859
1179,오장동점,서울 중구 마른내로 109-1 (오장동),중구,이디야,37.5645748,127.0001136
1180,을지로3가점,서울 중구 수표로 45 (저동2가),중구,이디야,37.5634861,126.9902353
1181,정동점,서울 중구 정동길 2-1 (정동),중구,이디야,37.5679414,126.9693423
1182,중림점,서울 중구 청파로 464 (중림동),중구,이디야,37.5607773,126.9682129
1183,청구역점,서울 중구 다산로 181-2 (신당동),중구,이디야,37.5597511,127.0132283
1184,충무로3가점,서울 중구 퇴계로27길 31 (충무로3가),중구,이디야,37.56252509999999,126.9912341
1185,충무로점,서울 중구 퇴계로 188 (필동1가),중구,이디야,37.5607858,126.9921905
1186,충무아트홀점,서울 중구 퇴계로 381-1 (신당동),중구,이디야,37.5652402,127.0139856
1187,충무필동점,서울 중구 퇴계로 218-5 (필동2가),중구,이디야,37.561541,126.9936459
1188,충정로역점,"서울 중구 중림로 10 (중림동, 중림동 삼성 사이버 빌리지)",중구,이디야,37.5587312,126.9649372
1189,태평로점,서울 중구 세종대로11길 26 (서소문동),중구,이디야,37.5624142,126.9745054
1190,한국은행점,서울 중구 남대문로 29-2 (남대문로3가),중구,이디야,37.5619687,126.9803334
1191,황학롯데캐슬점,"서울 중구 청계천로 400 (황학동, 롯데캐슬베네치아)",중구,이디야,37.5708733,127.0213284
1192,회현SK리더스점,"서울 중구 퇴계로 72 (회현동1가, 리더스뷰남산)",중구,이디야,37.5592302,126.9806639
1193,강동SK허브점,"서울 강동구 천호대로 1107 (길동, 강동역에스케이허브)",강동구,이디야,37.5353237,127.1345903
1194,강동구청점,"서울 강동구 성내로6길 20 (성내동, 청일 베르네)",강동구,이디야,37.5288753,127.1222899
1195,강동역점,"서울 강동구 천호대로 1065 (천호동, 강동상떼빌)",강동구,이디야,37.5369023,127.1302611
1196,강일점,"서울 강동구 아리수로93길 19 (강일동, 임페리얼타워)",강동구,이디야,37.5665592,127.1737804
1197,고덕그라시움후문점,서울 강동구 동남로82길 121 (고덕동),강동구,이디야,37.5603577,127.1636874
1198,고덕래미안힐스점,"서울 강동구 아리수로50길 50 (고덕동, 래미안힐스테이트고덕)",강동구,이디야,37.5594375,127.1476045
1199,고덕점,"서울 강동구 동남로75길 19 (명일동, 명일빌딩)",강동구,이디야,37.5540951,127.1551471
1200,굽은다리역점,서울 강동구 양재대로 1543 (천호동),강동구,이디야,37.5434703,127.1418503
1201,길동사거리점,서울 강동구 천호대로 1132 (성내동),강동구,이디야,37.5334861,127.136705
1202,길동역점,서울 강동구 양재대로 1471 (길동),강동구,이디야,37.5392074,127.1461206
1203,길동중앙점,서울 강동구 명일로 200 (길동),강동구,이디야,37.5365076,127.1459209
1204,둔촌점,서울 강동구 양재대로 1377 (성내동),강동구,이디야,37.5291279,127.1362456
1205,명일역점,서울 강동구 양재대로 1626 (명일동),강동구,이디야,37.5506014,127.1441289
1206,명일중앙점,"서울 강동구 상암로 210 (명일동, 명일현대종합상가)",강동구,이디야,37.5484567,127.1487867
1207,보훈병원점,"서울 강동구 명일로 110 (둔촌동, 둔촌동암펠로스타워)",강동구,이디야,37.5287091,127.1431767
1208,상일리엔파크점,"서울 강동구 상일로 74 (상일동, 고덕리엔파크3단지아파트)",강동구,이디야,37.5523456,127.175784
1209,암사3동점,"서울 강동구 고덕로 140 (암사동, 프라이어팰리스)",강동구,이디야,37.5534915,127.1390945
1210,암사역점,"서울 강동구 올림픽로 782 (암사동, 501타워)",강동구,이디야,37.5508357,127.1281014
1211,암사중앙점,"서울 강동구 암사길 50 (암사동, 제이빌더스)",강동구,이디야,37.5516267,127.1348226
1212,올림픽북문점,서울 강동구 성안로 7 (성내동),강동구,이디야,37.5281989,127.1292263
1213,천호로데오점,서울 강동구 천호대로 1027 (천호동),강동구,이디야,37.5381798,127.126317
1214,천호역점,서울 강동구 천호대로 1006 (성내동),강동구,이디야,37.5379796,127.1237397
1215,천호중앙점,"서울 강동구 올림픽로 660 (천호동, 천호엘크루주상복합)",강동구,이디야,37.54017959999999,127.1244282
1216,천호초교사거리점,"서울 강동구 구천면로 304 (천호동, 일주빌딩)",강동구,이디야,37.546686,127.1347948
1217,천호현대점,서울 강동구 올림픽로 665 (천호동),강동구,이디야,37.5408846,127.1238516
1218,강동SK허브점,"서울 강동구 천호대로 1107 (길동, 강동역에스케이허브)",강동구,이디야,37.5353237,127.1345903
1219,강동구청점,"서울 강동구 성내로6길 20 (성내동, 청일 베르네)",강동구,이디야,37.5288753,127.1222899
1220,강동역점,"서울 강동구 천호대로 1065 (천호동, 강동상떼빌)",강동구,이디야,37.5369023,127.1302611
1221,강일점,"서울 강동구 아리수로93길 19 (강일동, 임페리얼타워)",강동구,이디야,37.5665592,127.1737804
1222,고덕그라시움후문점,서울 강동구 동남로82길 121 (고덕동),강동구,이디야,37.5603577,127.1636874
1223,고덕래미안힐스점,"서울 강동구 아리수로50길 50 (고덕동, 래미안힐스테이트고덕)",강동구,이디야,37.5594375,127.1476045
1224,고덕점,"서울 강동구 동남로75길 19 (명일동, 명일빌딩)",강동구,이디야,37.5540951,127.1551471
1225,굽은다리역점,서울 강동구 양재대로 1543 (천호동),강동구,이디야,37.5434703,127.1418503
1226,길동사거리점,서울 강동구 천호대로 1132 (성내동),강동구,이디야,37.5334861,127.136705
1227,길동역점,서울 강동구 양재대로 1471 (길동),강동구,이디야,37.5392074,127.1461206
1228,길동중앙점,서울 강동구 명일로 200 (길동),강동구,이디야,37.5365076,127.1459209
1229,둔촌점,서울 강동구 양재대로 1377 (성내동),강동구,이디야,37.5291279,127.1362456
1230,명일역점,서울 강동구 양재대로 1626 (명일동),강동구,이디야,37.5506014,127.1441289
1231,명일중앙점,"서울 강동구 상암로 210 (명일동, 명일현대종합상가)",강동구,이디야,37.5484567,127.1487867
1232,보훈병원점,"서울 강동구 명일로 110 (둔촌동, 둔촌동암펠로스타워)",강동구,이디야,37.5287091,127.1431767
1233,상일리엔파크점,"서울 강동구 상일로 74 (상일동, 고덕리엔파크3단지아파트)",강동구,이디야,37.5523456,127.175784
1234,암사3동점,"서울 강동구 고덕로 140 (암사동, 프라이어팰리스)",강동구,이디야,37.5534915,127.1390945
1235,암사역점,"서울 강동구 올림픽로 782 (암사동, 501타워)",강동구,이디야,37.5508357,127.1281014
1236,암사중앙점,"서울 강동구 암사길 50 (암사동, 제이빌더스)",강동구,이디야,37.5516267,127.1348226
1237,올림픽북문점,서울 강동구 성안로 7 (성내동),강동구,이디야,37.5281989,127.1292263
1238,천호로데오점,서울 강동구 천호대로 1027 (천호동),강동구,이디야,37.5381798,127.126317
1239,천호역점,서울 강동구 천호대로 1006 (성내동),강동구,이디야,37.5379796,127.1237397
1240,천호중앙점,"서울 강동구 올림픽로 660 (천호동, 천호엘크루주상복합)",강동구,이디야,37.54017959999999,127.1244282
1241,천호초교사거리점,"서울 강동구 구천면로 304 (천호동, 일주빌딩)",강동구,이디야,37.546686,127.1347948
1242,천호현대점,서울 강동구 올림픽로 665 (천호동),강동구,이디야,37.5408846,127.1238516
1243,강동SK허브점,"서울 강동구 천호대로 1107 (길동, 강동역에스케이허브)",강동구,이디야,37.5353237,127.1345903
1244,강동구청점,"서울 강동구 성내로6길 20 (성내동, 청일 베르네)",강동구,이디야,37.5288753,127.1222899
1245,강동역점,"서울 강동구 천호대로 1065 (천호동, 강동상떼빌)",강동구,이디야,37.5369023,127.1302611
1246,강일점,"서울 강동구 아리수로93길 19 (강일동, 임페리얼타워)",강동구,이디야,37.5665592,127.1737804
1247,고덕그라시움후문점,서울 강동구 동남로82길 121 (고덕동),강동구,이디야,37.5603577,127.1636874
1248,고덕래미안힐스점,"서울 강동구 아리수로50길 50 (고덕동, 래미안힐스테이트고덕)",강동구,이디야,37.5594375,127.1476045
1249,고덕점,"서울 강동구 동남로75길 19 (명일동, 명일빌딩)",강동구,이디야,37.5540951,127.1551471
1250,굽은다리역점,서울 강동구 양재대로 1543 (천호동),강동구,이디야,37.5434703,127.1418503
1251,길동사거리점,서울 강동구 천호대로 1132 (성내동),강동구,이디야,37.5334861,127.136705
1252,길동역점,서울 강동구 양재대로 1471 (길동),강동구,이디야,37.5392074,127.1461206
1253,길동중앙점,서울 강동구 명일로 200 (길동),강동구,이디야,37.5365076,127.1459209
1254,둔촌점,서울 강동구 양재대로 1377 (성내동),강동구,이디야,37.5291279,127.1362456
1255,명일역점,서울 강동구 양재대로 1626 (명일동),강동구,이디야,37.5506014,127.1441289
1256,명일중앙점,"서울 강동구 상암로 210 (명일동, 명일현대종합상가)",강동구,이디야,37.5484567,127.1487867
1257,보훈병원점,"서울 강동구 명일로 110 (둔촌동, 둔촌동암펠로스타워)",강동구,이디야,37.5287091,127.1431767
1258,상일리엔파크점,"서울 강동구 상일로 74 (상일동, 고덕리엔파크3단지아파트)",강동구,이디야,37.5523456,127.175784
1259,암사3동점,"서울 강동구 고덕로 140 (암사동, 프라이어팰리스)",강동구,이디야,37.5534915,127.1390945
1260,암사역점,"서울 강동구 올림픽로 782 (암사동, 501타워)",강동구,이디야,37.5508357,127.1281014
1261,암사중앙점,"서울 강동구 암사길 50 (암사동, 제이빌더스)",강동구,이디야,37.5516267,127.1348226
1262,올림픽북문점,서울 강동구 성안로 7 (성내동),강동구,이디야,37.5281989,127.1292263
1263,천호로데오점,서울 강동구 천호대로 1027 (천호동),강동구,이디야,37.5381798,127.126317
1264,천호역점,서울 강동구 천호대로 1006 (성내동),강동구,이디야,37.5379796,127.1237397
1265,천호중앙점,"서울 강동구 올림픽로 660 (천호동, 천호엘크루주상복합)",강동구,이디야,37.54017959999999,127.1244282
1266,천호초교사거리점,"서울 강동구 구천면로 304 (천호동, 일주빌딩)",강동구,이디야,37.546686,127.1347948
1267,천호현대점,서울 강동구 올림픽로 665 (천호동),강동구,이디야,37.5408846,127.1238516
1268,경희대점,서울 동대문구 경희대로 4 (회기동),동대문구,이디야,37.5916824,127.0551428
1269,경희대캠퍼스점,"서울 동대문구 경희대로 26 (회기동, 경희대학교,경희초,중,고,여자중고등학교)",동대문구,이디야,37.5953632,127.0527612
1270,답십리역점,서울 동대문구 천호대로 265 (답십리동),동대문구,이디야,37.56902609999999,127.0573024
1271,답십리파크자이점,"서울 동대문구 한천로 55 (답십리동, 영진빌딩)",동대문구,이디야,37.5714784,127.0577096
1272,동대문구청점,서울 동대문구 천호대로 153-1 (용두동),동대문구,이디야,37.5795817,127.0299297
1273,동부병원사거리점,서울 동대문구 무학로 104 (용두동),동대문구,이디야,37.5735046,127.0309651
1274,배봉초교사거리점,서울 동대문구 답십리로63길 131 (장안동),동대문구,이디야,37.5784698,127.069321
1275,서울시립대점,"서울 동대문구 서울시립대로 164 (전농동, 도석프라자)",동대문구,이디야,37.583249,127.0548191
1276,외대점,서울 동대문구 휘경로 12 (이문동),동대문구,이디야,37.59582040000001,127.0612654
1277,용두동사거리점,서울 동대문구 왕산로 68 (용두동),동대문구,이디야,37.5757009,127.034989
1278,용두동점,서울 동대문구 고산자로 413-1 (용두동),동대문구,이디야,37.5766232,127.0379189
1279,이문점,서울 동대문구 신이문로 19 (이문동),동대문구,이디야,37.6031045,127.064235
1280,장안동사거리점,서울 동대문구 답십리로 309 (장안동),동대문구,이디야,37.572295,127.0748317
1281,장안동점,서울 동대문구 장한로 43 (장안동),동대문구,이디야,37.5650632,127.0666931
1282,장안중앙점,서울 동대문구 사가정로25길 42 (장안동),동대문구,이디야,37.5806425,127.0709617
1283,장한평군자초교점,서울 동대문구 한천로2길 53 (장안동),동대문구,이디야,37.5627974,127.0613958
1284,전농뉴타운점,서울 동대문구 답십리로 77 (전농동),동대문구,이디야,37.5750329,127.0496055
1285,전농사거리점,서울 동대문구 사가정로 132 (전농동),동대문구,이디야,37.5775568,127.0595101
1286,청량리점,서울 동대문구 왕산로 225 (청량리동),동대문구,이디야,37.5832353,127.0447165
1287,촬영소사거리점,서울 동대문구 답십리로 264 (장안동),동대문구,이디야,37.5722268,127.0694723
1288,회기역점,"서울 동대문구 망우로 67 (휘경동, 효자 워너빌)",동대문구,이디야,37.5899254,127.0606026
1289,회기역중앙점,서울 동대문구 회기로 194-1 (휘경동),동대문구,이디야,37.5897957,127.0574889
1290,행당동점,서울 성동구 고산자로 201 (행당동),성동구,이디야,37.5580159,127.0337407
1291,성공회대점,서울 구로구 연동로 312 (항동),구로구,이디야,37.4872294,126.8242853
1292,신도림메르디앙점,"서울 구로구 신도림로 65 (신도림동, 신도림월드메르디앙오피스텔)",구로구,이디야,37.5095401,126.8820361
1293,신도림테크노마트점,서울 구로구 새말로 97 (구로동),구로구,이디야,37.5070431,126.8902185
1294,오류남부점,서울 구로구 오류로8길 65 (오류동),구로구,이디야,37.4926091,126.8437777
1295,오류북부역점,서울 구로구 경인로20길 6 (오류동),구로구,이디야,37.4970676,126.8406319
1296,천왕이펜하우스점,서울 구로구 천왕로 36 (천왕동),구로구,이디야,37.48199,126.8363095
1297,IBK고객센터점,"서울 용산구 한남대로 72 (한남동, IBK기업은행고객센터)",용산구,이디야,37.5350224,127.0070392
1298,동부이촌동점,서울 용산구 이촌로77길 19 (이촌동),용산구,이디야,37.52040119999999,126.974878
1299,동자동점,서울 용산구 후암로 93 (동자동),용산구,이디야,37.5533136,126.975103
1300,삼각지역점,"서울 용산구 한강대로 205 (한강로1가, 용산파크자이)",용산구,이디야,37.5364153,126.9724713
1301,삼각지점,서울 용산구 한강대로 138 (한강로2가),용산구,이디야,37.5304542,126.9695065
1302,숙대입구역점,서울 용산구 한강대로 289 (갈월동),용산구,이디야,37.5453248,126.9702197
1303,순천향병원점,서울 용산구 대사관로 72,용산구,이디야,37.5330587,127.0059327
1304,용문점,서울 용산구 원효로41길 73 (원효로2가),용산구,이디야,37.5363006,126.9624595
1305,용산원효점,"서울 용산구 원효로 70 (원효로4가, 신정빌딩)",용산구,이디야,37.5322885,126.9515009
1306,용산이마트점,서울 용산구 한강대로21나길 17 (한강로3가),용산구,이디야,37.5288539,126.9640447
1307,용산중앙점,서울 용산구 한강대로 52-1 (한강로3가),용산구,이디야,37.5255891,126.9648264
1308,용산청파점,"서울 용산구 청파로71길 10 (청파동1가, 새마을금고)",용산구,이디야,37.5446762,126.9700265
1309,용산효창점,서울 용산구 효창원로66길 2 (효창동),용산구,이디야,37.5410418,126.9634863
1310,용산후암점,"서울 용산구 후암로 40-2 (후암동, 성원빌딩)",용산구,이디야,37.5494813,126.9776645
1311,원효로점,서울 용산구 원효로 257 (원효로1가),용산구,이디야,37.5399325,126.9674607
